;journée;domicile;extérieur;temps;minutes;secondes;intervalle de temps;période;action;joueur;équipe;numéro joueur;score USDH;score adversaire;différence de buts;situation au score;nbr joueurs de champs USDH;nbr joueurs de champs adversaire;situation numérique
0;J1;Pouzauges;USDH;0.0;0;0;(-0.001, 5.0];1; ; ; ;;0;0;0;égalité;6;6;0
1;J1;Pouzauges;USDH;1.2;1;12;(-0.001, 5.0];1;but;nathan BILLAUD;Pouzauges;14.0;0;1;-1;adversaire mène;6;6;0
2;J1;Pouzauges;USDH;2.2666666666666666;2;16;(-0.001, 5.0];1;but;alexandre COMMEYRAS;USDH;99.0;1;1;0;égalité;6;6;0
3;J1;Pouzauges;USDH;2.6666666666666665;2;40;(-0.001, 5.0];1;but;thibaud HUVELIN;Pouzauges;10.0;1;2;-1;adversaire mène;6;6;0
4;J1;Pouzauges;USDH;3.4166666666666665;3;25;(-0.001, 5.0];1;but;dorian-pierre DONELLI;Pouzauges;21.0;1;3;-2;adversaire mène;6;6;0
5;J1;Pouzauges;USDH;4.616666666666667;4;37;(-0.001, 5.0];1;2min;dorian-pierre DONELLI;Pouzauges;21.0;1;3;-2;adversaire mène;6;5;1
6;J1;Pouzauges;USDH;4.866666666666667;4;52;(-0.001, 5.0];1;but 7m;alexandre COMMEYRAS;USDH;99.0;2;3;-1;adversaire mène;6;5;1
7;J1;Pouzauges;USDH;5.183333333333334;5;11;(5.0, 10.0];1;but 7m;remi GUILLON;USDH;93.0;3;3;0;égalité;6;5;1
8;J1;Pouzauges;USDH;6.6;6;36;(5.0, 10.0];1;arrêt;louis CALESSE;Pouzauges;12.0;3;3;0;égalité;6;5;1
9;J1;Pouzauges;USDH;6.75;6;45;(5.0, 10.0];1;but;vivien HENNETIER;USDH;33.0;4;3;1;USDH mène;6;6;0
10;J1;Pouzauges;USDH;7.35;7;21;(5.0, 10.0];1;arrêt;timothee CASTEL;USDH;1.0;4;3;1;USDH mène;6;6;0
11;J1;Pouzauges;USDH;7.483333333333333;7;29;(5.0, 10.0];1;arrêt;louis CALESSE;Pouzauges;12.0;4;3;1;USDH mène;6;6;0
12;J1;Pouzauges;USDH;7.65;7;39;(5.0, 10.0];1;arrêt;timothee CASTEL;USDH;1.0;4;3;1;USDH mène;6;6;0
13;J1;Pouzauges;USDH;8.766666666666667;8;46;(5.0, 10.0];1;avertissement;nathan BILLAUD;Pouzauges;14.0;4;3;1;USDH mène;6;6;0
14;J1;Pouzauges;USDH;9.066666666666666;9;4;(5.0, 10.0];1;arrêt;louis CALESSE;Pouzauges;12.0;4;3;1;USDH mène;6;6;0
15;J1;Pouzauges;USDH;9.4;9;24;(5.0, 10.0];1;arrêt;louis CALESSE;Pouzauges;12.0;4;3;1;USDH mène;6;6;0
16;J1;Pouzauges;USDH;10.083333333333334;10;5;(10.0, 15.0];1;arrêt;louis CALESSE;Pouzauges;12.0;4;3;1;USDH mène;6;6;0
17;J1;Pouzauges;USDH;10.883333333333333;10;53;(10.0, 15.0];1;arrêt;louis CALESSE;Pouzauges;12.0;4;3;1;USDH mène;6;6;0
18;J1;Pouzauges;USDH;11.666666666666666;11;40;(10.0, 15.0];1;2min;nathan BILLAUD;Pouzauges;14.0;4;3;1;USDH mène;6;5;1
19;J1;Pouzauges;USDH;12.016666666666667;12;1;(10.0, 15.0];1;but;antoine PEAUD;Pouzauges;5.0;4;4;0;égalité;6;5;1
20;J1;Pouzauges;USDH;12.083333333333334;12;5;(10.0, 15.0];1;2min;alexandre COMMEYRAS;USDH;99.0;4;4;0;égalité;5;5;0
21;J1;Pouzauges;USDH;12.9;12;54;(10.0, 15.0];1;arrêt;louis CALESSE;Pouzauges;12.0;4;4;0;égalité;5;5;0
22;J1;Pouzauges;USDH;12.95;12;57;(10.0, 15.0];1;arrêt;louis CALESSE;Pouzauges;12.0;4;4;0;égalité;5;5;0
23;J1;Pouzauges;USDH;13.016666666666667;13;1;(10.0, 15.0];1;but;antoine PEAUD;Pouzauges;5.0;4;5;-1;adversaire mène;5;5;0
24;J1;Pouzauges;USDH;14.416666666666666;14;25;(10.0, 15.0];1;arrêt;louis CALESSE;Pouzauges;12.0;4;5;-1;adversaire mène;6;6;0
25;J1;Pouzauges;USDH;14.516666666666667;14;31;(10.0, 15.0];1;arrêt;timothee CASTEL;USDH;1.0;4;5;-1;adversaire mène;6;6;0
26;J1;Pouzauges;USDH;14.683333333333334;14;41;(10.0, 15.0];1;but;gaetan LHOPITALLIER;Pouzauges;20.0;4;6;-2;adversaire mène;6;6;0
27;J1;Pouzauges;USDH;16.366666666666667;16;22;(15.0, 20.0];1;arrêt;louis CALESSE;Pouzauges;12.0;4;6;-2;adversaire mène;6;6;0
28;J1;Pouzauges;USDH;17.316666666666666;17;19;(15.0, 20.0];1;arrêt;timothee CASTEL;USDH;1.0;4;6;-2;adversaire mène;6;6;0
29;J1;Pouzauges;USDH;17.7;17;42;(15.0, 20.0];1;but;axel FERCHAUD;Pouzauges;88.0;4;7;-3;adversaire mène;6;6;0
30;J1;Pouzauges;USDH;18.9;18;54;(15.0, 20.0];1;arrêt;louis CALESSE;Pouzauges;12.0;4;7;-3;adversaire mène;6;6;0
31;J1;Pouzauges;USDH;19.516666666666666;19;31;(15.0, 20.0];1;but;remi GUILLON;USDH;93.0;5;7;-2;adversaire mène;6;6;0
32;J1;Pouzauges;USDH;19.7;19;42;(15.0, 20.0];1;but;thibaud HUVELIN;Pouzauges;10.0;5;8;-3;adversaire mène;6;6;0
33;J1;Pouzauges;USDH;20.7;20;42;(20.0, 25.0];1;arrêt;louis CALESSE;Pouzauges;12.0;5;8;-3;adversaire mène;6;6;0
34;J1;Pouzauges;USDH;21.85;21;51;(20.0, 25.0];1;but;sebastien MADEC;USDH;13.0;6;8;-2;adversaire mène;6;6;0
35;J1;Pouzauges;USDH;22.933333333333334;22;56;(20.0, 25.0];1;arrêt;louis CALESSE;Pouzauges;12.0;6;8;-2;adversaire mène;6;6;0
36;J1;Pouzauges;USDH;23.933333333333334;23;56;(20.0, 25.0];1;arrêt;timothee CASTEL;USDH;1.0;6;8;-2;adversaire mène;6;6;0
37;J1;Pouzauges;USDH;24.116666666666667;24;7;(20.0, 25.0];1;but;sebastien MADEC;USDH;13.0;7;8;-1;adversaire mène;6;6;0
38;J1;Pouzauges;USDH;24.75;24;45;(20.0, 25.0];1;but;nathan BILLAUD;Pouzauges;14.0;7;9;-2;adversaire mène;6;6;0
39;J1;Pouzauges;USDH;25.5;25;30;(25.0, 30.0];1;arrêt;timothee CASTEL;USDH;1.0;7;9;-2;adversaire mène;6;6;0
40;J1;Pouzauges;USDH;26.65;26;39;(25.0, 30.0];1;but;nathan BILLAUD;Pouzauges;14.0;7;10;-3;adversaire mène;6;6;0
41;J1;Pouzauges;USDH;27.8;27;48;(25.0, 30.0];1;but;kevin MANCEAU;USDH;7.0;8;10;-2;adversaire mène;6;6;0
42;J1;Pouzauges;USDH;28.65;28;39;(25.0, 30.0];1;2min;kevin MANCEAU;USDH;7.0;8;10;-2;adversaire mène;5;6;-1
43;J1;Pouzauges;USDH;29.216666666666665;29;13;(25.0, 30.0];1;but;thibaud HUVELIN;Pouzauges;10.0;8;11;-3;adversaire mène;5;6;-1
44;J1;Pouzauges;USDH;29.433333333333334;29;26;(25.0, 30.0];1;but;louis CALESSE;Pouzauges;12.0;8;12;-4;adversaire mène;5;6;-1
45;J1;Pouzauges;USDH;29.516666666666666;29;31;(25.0, 30.0];1;but;tom BLANCHARD;Pouzauges;24.0;8;13;-5;adversaire mène;5;6;-1
46;J1;Pouzauges;USDH;31.016666666666666;31;1;(30.0, 35.0];2;but;dorian-pierre DONELLI;Pouzauges;21.0;8;14;-6;adversaire mène;6;6;0
47;J1;Pouzauges;USDH;31.566666666666666;31;34;(30.0, 35.0];2;arrêt;louis CALESSE;Pouzauges;12.0;8;14;-6;adversaire mène;6;6;0
48;J1;Pouzauges;USDH;32.36666666666667;32;22;(30.0, 35.0];2;arrêt;louis CALESSE;Pouzauges;12.0;8;14;-6;adversaire mène;6;6;0
49;J1;Pouzauges;USDH;32.5;32;30;(30.0, 35.0];2;arrêt;abel GRENON;USDH;36.0;8;14;-6;adversaire mène;6;6;0
50;J1;Pouzauges;USDH;32.766666666666666;32;46;(30.0, 35.0];2;arrêt;louis CALESSE;Pouzauges;12.0;8;14;-6;adversaire mène;6;6;0
51;J1;Pouzauges;USDH;33.18333333333333;33;11;(30.0, 35.0];2;temps mort d'équipe visiteur; ;USDH;;8;14;-6;adversaire mène;6;6;0
52;J1;Pouzauges;USDH;33.53333333333333;33;32;(30.0, 35.0];2;but;vivien HENNETIER;USDH;33.0;9;14;-5;adversaire mène;6;6;0
53;J1;Pouzauges;USDH;33.916666666666664;33;55;(30.0, 35.0];2;2min;nathan BILLAUD;Pouzauges;14.0;9;14;-5;adversaire mène;6;5;1
54;J1;Pouzauges;USDH;34.13333333333333;34;8;(30.0, 35.0];2;but;theo LANDRY;Pouzauges;11.0;9;15;-6;adversaire mène;6;5;1
55;J1;Pouzauges;USDH;34.56666666666667;34;34;(30.0, 35.0];2;arrêt;louis CALESSE;Pouzauges;12.0;9;15;-6;adversaire mène;6;5;1
56;J1;Pouzauges;USDH;35.166666666666664;35;10;(35.0, 40.0];2;arrêt;abel GRENON;USDH;36.0;9;15;-6;adversaire mène;6;5;1
57;J1;Pouzauges;USDH;35.88333333333333;35;53;(35.0, 40.0];2;but;kevin MANCEAU;USDH;7.0;10;15;-5;adversaire mène;6;5;1
58;J1;Pouzauges;USDH;36.833333333333336;36;50;(35.0, 40.0];2;arrêt;abel GRENON;USDH;36.0;10;15;-5;adversaire mène;6;6;0
59;J1;Pouzauges;USDH;37.0;37;0;(35.0, 40.0];2;arrêt;louis CALESSE;Pouzauges;12.0;10;15;-5;adversaire mène;6;6;0
60;J1;Pouzauges;USDH;37.45;37;27;(35.0, 40.0];2;2min;amaury LEMOINE;USDH;21.0;10;15;-5;adversaire mène;5;6;-1
61;J1;Pouzauges;USDH;38.28333333333333;38;17;(35.0, 40.0];2;arrêt;louis CALESSE;Pouzauges;12.0;10;15;-5;adversaire mène;5;6;-1
62;J1;Pouzauges;USDH;39.016666666666666;39;1;(35.0, 40.0];2;arrêt;louis CALESSE;Pouzauges;12.0;10;15;-5;adversaire mène;5;6;-1
63;J1;Pouzauges;USDH;39.53333333333333;39;32;(35.0, 40.0];2;arrêt;louis CALESSE;Pouzauges;12.0;10;15;-5;adversaire mène;6;6;0
64;J1;Pouzauges;USDH;39.7;39;42;(35.0, 40.0];2;2min;lucas HUMEAU;Pouzauges;9.0;10;15;-5;adversaire mène;6;5;1
65;J1;Pouzauges;USDH;39.75;39;45;(35.0, 40.0];2;arrêt;louis CALESSE;Pouzauges;12.0;10;15;-5;adversaire mène;6;5;1
66;J1;Pouzauges;USDH;40.65;40;39;(40.0, 45.0];2;arrêt;louis CALESSE;Pouzauges;12.0;10;15;-5;adversaire mène;6;5;1
67;J1;Pouzauges;USDH;41.0;41;0;(40.0, 45.0];2;arrêt;abel GRENON;USDH;36.0;10;15;-5;adversaire mène;6;5;1
68;J1;Pouzauges;USDH;41.31666666666667;41;19;(40.0, 45.0];2;arrêt;louis CALESSE;Pouzauges;12.0;10;15;-5;adversaire mène;6;5;1
69;J1;Pouzauges;USDH;41.88333333333333;41;53;(40.0, 45.0];2;2min;kevin MANCEAU;USDH;7.0;10;15;-5;adversaire mène;5;6;-1
70;J1;Pouzauges;USDH;42.083333333333336;42;5;(40.0, 45.0];2;arrêt;kevin MANCEAU;USDH;7.0;10;15;-5;adversaire mène;5;6;-1
71;J1;Pouzauges;USDH;42.666666666666664;42;40;(40.0, 45.0];2;arrêt;louis CALESSE;Pouzauges;12.0;10;15;-5;adversaire mène;5;6;-1
72;J1;Pouzauges;USDH;43.36666666666667;43;22;(40.0, 45.0];2;arrêt;louis CALESSE;Pouzauges;12.0;10;15;-5;adversaire mène;5;6;-1
73;J1;Pouzauges;USDH;43.56666666666667;43;34;(40.0, 45.0];2;but;tom BLANCHARD;Pouzauges;24.0;10;16;-6;adversaire mène;5;6;-1
74;J1;Pouzauges;USDH;44.233333333333334;44;14;(40.0, 45.0];2;arrêt;louis CALESSE;Pouzauges;12.0;10;16;-6;adversaire mène;6;6;0
75;J1;Pouzauges;USDH;44.85;44;51;(40.0, 45.0];2;but;aymeric MORAND;Pouzauges;3.0;10;17;-7;adversaire mène;6;6;0
76;J1;Pouzauges;USDH;45.31666666666667;45;19;(45.0, 50.0];2;but;alexandre COMMEYRAS;USDH;99.0;11;17;-6;adversaire mène;6;6;0
77;J1;Pouzauges;USDH;45.85;45;51;(45.0, 50.0];2;but;lucas HUMEAU;Pouzauges;9.0;11;18;-7;adversaire mène;6;6;0
78;J1;Pouzauges;USDH;46.583333333333336;46;35;(45.0, 50.0];2;arrêt;abel GRENON;USDH;36.0;11;18;-7;adversaire mène;6;6;0
79;J1;Pouzauges;USDH;46.85;46;51;(45.0, 50.0];2;but;brice HANEN;USDH;9.0;12;18;-6;adversaire mène;6;6;0
80;J1;Pouzauges;USDH;47.45;47;27;(45.0, 50.0];2;but;dorian-pierre DONELLI;Pouzauges;21.0;12;19;-7;adversaire mène;6;6;0
81;J1;Pouzauges;USDH;47.6;47;36;(45.0, 50.0];2;arrêt;louis CALESSE;Pouzauges;12.0;12;19;-7;adversaire mène;6;6;0
82;J1;Pouzauges;USDH;47.93333333333333;47;56;(45.0, 50.0];2;arrêt;louis CALESSE;Pouzauges;12.0;12;19;-7;adversaire mène;6;6;0
83;J1;Pouzauges;USDH;48.1;48;6;(45.0, 50.0];2;but;thibaud HUVELIN;Pouzauges;10.0;12;20;-8;adversaire mène;6;6;0
84;J1;Pouzauges;USDH;49.21666666666667;49;13;(45.0, 50.0];2;but;kevin MANCEAU;USDH;7.0;13;20;-7;adversaire mène;6;6;0
85;J1;Pouzauges;USDH;49.88333333333333;49;53;(45.0, 50.0];2;but 7m;thibaud HUVELIN;Pouzauges;10.0;13;21;-8;adversaire mène;6;6;0
86;J1;Pouzauges;USDH;50.516666666666666;50;31;(50.0, 55.0];2;arrêt;jules MOREAU-DUBOS;Pouzauges;99.0;13;21;-8;adversaire mène;6;6;0
87;J1;Pouzauges;USDH;51.083333333333336;51;5;(50.0, 55.0];2;arrêt;abel GRENON;USDH;36.0;13;21;-8;adversaire mène;6;6;0
88;J1;Pouzauges;USDH;51.56666666666667;51;34;(50.0, 55.0];2;arrêt;jules MOREAU-DUBOS;Pouzauges;99.0;13;21;-8;adversaire mène;6;6;0
89;J1;Pouzauges;USDH;52.5;52;30;(50.0, 55.0];2;2min;axel FERCHAUD;Pouzauges;88.0;13;21;-8;adversaire mène;6;5;1
90;J1;Pouzauges;USDH;52.583333333333336;52;35;(50.0, 55.0];2;but 7m;sebastien MADEC;USDH;13.0;14;21;-7;adversaire mène;6;5;1
91;J1;Pouzauges;USDH;53.016666666666666;53;1;(50.0, 55.0];2;but;mathis MONTERREIN;USDH;40.0;15;21;-6;adversaire mène;6;5;1
92;J1;Pouzauges;USDH;53.516666666666666;53;31;(50.0, 55.0];2;arrêt;abel GRENON;USDH;36.0;15;21;-6;adversaire mène;6;5;1
93;J1;Pouzauges;USDH;53.75;53;45;(50.0, 55.0];2;but 7m;thibaud HUVELIN;Pouzauges;10.0;15;22;-7;adversaire mène;6;5;1
94;J1;Pouzauges;USDH;54.083333333333336;54;5;(50.0, 55.0];2;arrêt;jules MOREAU-DUBOS;Pouzauges;99.0;15;22;-7;adversaire mène;6;5;1
95;J1;Pouzauges;USDH;54.666666666666664;54;40;(50.0, 55.0];2;2min;mathis MONTERREIN;USDH;40.0;15;22;-7;adversaire mène;5;6;-1
96;J1;Pouzauges;USDH;55.166666666666664;55;10;(55.0, 60.0];2;but;gaetan LHOPITALLIER;Pouzauges;20.0;15;23;-8;adversaire mène;5;6;-1
97;J1;Pouzauges;USDH;56.1;56;6;(55.0, 60.0];2;arrêt;jules MOREAU-DUBOS;Pouzauges;99.0;15;23;-8;adversaire mène;5;6;-1
98;J1;Pouzauges;USDH;56.81666666666667;56;49;(55.0, 60.0];2;but;remi GUILLON;USDH;93.0;16;23;-7;adversaire mène;6;6;0
99;J1;Pouzauges;USDH;57.266666666666666;57;16;(55.0, 60.0];2;but;nathan BILLAUD;Pouzauges;14.0;16;24;-8;adversaire mène;6;6;0
100;J1;Pouzauges;USDH;57.86666666666667;57;52;(55.0, 60.0];2;but;sebastien MADEC;USDH;13.0;17;24;-7;adversaire mène;6;6;0
101;J1;Pouzauges;USDH;60.0;60;0;(55.0, 60.0];2; ; ; ;;17;24;-7;adversaire mène;6;6;0
102;J2;USDH;Ligné;0.0;0;0;(-0.001, 5.0];1; ; ; ;;0;0;0;égalité;6;6;0
103;J2;USDH;Ligné;0.9666666666666667;0;58;(-0.001, 5.0];1;but;sebastien MADEC;USDH;13.0;1;0;1;USDH mène;6;6;0
104;J2;USDH;Ligné;1.75;1;45;(-0.001, 5.0];1;tir;clement BONDU;Ligné;8.0;1;0;1;USDH mène;6;6;0
105;J2;USDH;Ligné;2.783333333333333;2;47;(-0.001, 5.0];1;but;clement BONDU;Ligné;8.0;1;1;0;égalité;6;6;0
106;J2;USDH;Ligné;3.5;3;30;(-0.001, 5.0];1;tir;sebastien MADEC;USDH;13.0;1;1;0;égalité;6;6;0
107;J2;USDH;Ligné;3.8166666666666664;3;49;(-0.001, 5.0];1;avertissement;clement BONDU;Ligné;8.0;1;1;0;égalité;6;6;0
108;J2;USDH;Ligné;4.733333333333333;4;44;(-0.001, 5.0];1;tir;mathis MONTERREIN;USDH;40.0;1;1;0;égalité;6;6;0
109;J2;USDH;Ligné;5.366666666666666;5;22;(5.0, 10.0];1;but;alexandre COMMEYRAS;USDH;99.0;2;1;1;USDH mène;6;6;0
110;J2;USDH;Ligné;5.666666666666667;5;40;(5.0, 10.0];1;but;theo BENNASAR;Ligné;13.0;2;2;0;égalité;6;6;0
111;J2;USDH;Ligné;6.6;6;36;(5.0, 10.0];1;tir;alexandre COMMEYRAS;USDH;99.0;2;2;0;égalité;6;6;0
112;J2;USDH;Ligné;6.783333333333333;6;47;(5.0, 10.0];1;tir;kevin MANCEAU;USDH;7.0;2;2;0;égalité;6;6;0
113;J2;USDH;Ligné;7.433333333333334;7;26;(5.0, 10.0];1;tir;theo BENNASAR;Ligné;13.0;2;2;0;égalité;6;6;0
114;J2;USDH;Ligné;7.55;7;33;(5.0, 10.0];1;tir;amaury LEMOINE;USDH;21.0;2;2;0;égalité;6;6;0
115;J2;USDH;Ligné;7.733333333333333;7;44;(5.0, 10.0];1;tir;mathis DUPAS;Ligné;10.0;2;2;0;égalité;6;6;0
116;J2;USDH;Ligné;8.1;8;6;(5.0, 10.0];1;but 7m;paul RUIZGARCIA;Ligné;2.0;2;3;-1;adversaire mène;6;6;0
117;J2;USDH;Ligné;8.65;8;39;(5.0, 10.0];1;tir;amaury LEMOINE;USDH;21.0;2;3;-1;adversaire mène;6;6;0
118;J2;USDH;Ligné;9.65;9;39;(5.0, 10.0];1;tir;clement BONDU;Ligné;8.0;2;3;-1;adversaire mène;6;6;0
119;J2;USDH;Ligné;9.8;9;48;(5.0, 10.0];1;tir;alexandre COMMEYRAS;USDH;99.0;2;3;-1;adversaire mène;6;6;0
120;J2;USDH;Ligné;10.583333333333334;10;35;(10.0, 15.0];1;but;clement BONDU;Ligné;8.0;2;4;-2;adversaire mène;6;6;0
121;J2;USDH;Ligné;12.05;12;3;(10.0, 15.0];1;but;amaury LEMOINE;USDH;21.0;3;4;-1;adversaire mène;6;6;0
122;J2;USDH;Ligné;12.733333333333333;12;44;(10.0, 15.0];1;but;nathan DANTO;Ligné;5.0;3;5;-2;adversaire mène;6;6;0
123;J2;USDH;Ligné;12.983333333333333;12;59;(10.0, 15.0];1;tir;alexandre COMMEYRAS;USDH;99.0;3;5;-2;adversaire mène;6;6;0
124;J2;USDH;Ligné;13.95;13;57;(10.0, 15.0];1;2min;theo BENNASAR;Ligné;13.0;3;5;-2;adversaire mène;6;5;1
125;J2;USDH;Ligné;14.1;14;6;(10.0, 15.0];1;tir;sebastien MADEC;USDH;13.0;3;5;-2;adversaire mène;6;5;1
126;J2;USDH;Ligné;14.45;14;27;(10.0, 15.0];1;but;valentin MORIN;Ligné;9.0;3;6;-3;adversaire mène;6;5;1
127;J2;USDH;Ligné;14.9;14;54;(10.0, 15.0];1;tir;remi GUILLON;USDH;93.0;3;6;-3;adversaire mène;6;5;1
128;J2;USDH;Ligné;14.983333333333333;14;59;(10.0, 15.0];1;tir;mathis MONTERREIN;USDH;40.0;3;6;-3;adversaire mène;6;5;1
129;J2;USDH;Ligné;15.233333333333333;15;14;(15.0, 20.0];1;temps mort d'équipe visiteur; ;Ligné;;3;6;-3;adversaire mène;6;5;1
130;J2;USDH;Ligné;15.666666666666666;15;40;(15.0, 20.0];1;tir;mathis DUPAS;Ligné;10.0;3;6;-3;adversaire mène;6;5;1
131;J2;USDH;Ligné;15.983333333333333;15;59;(15.0, 20.0];1;but;remi GUILLON;USDH;93.0;4;6;-2;adversaire mène;6;6;0
132;J2;USDH;Ligné;17.783333333333335;17;47;(15.0, 20.0];1;tir;remi GUILLON;USDH;93.0;4;6;-2;adversaire mène;6;6;0
133;J2;USDH;Ligné;18.35;18;21;(15.0, 20.0];1;but;amaury LEMOINE;USDH;21.0;5;6;-1;adversaire mène;6;6;0
134;J2;USDH;Ligné;19.0;19;0;(15.0, 20.0];1;but;valentin MORIN;Ligné;9.0;5;7;-2;adversaire mène;6;6;0
135;J2;USDH;Ligné;19.066666666666666;19;4;(15.0, 20.0];1;temps mort d'équipe recevant; ;USDH;;5;7;-2;adversaire mène;6;6;0
136;J2;USDH;Ligné;19.6;19;36;(15.0, 20.0];1;tir;sebastien MADEC;USDH;13.0;5;7;-2;adversaire mène;6;6;0
137;J2;USDH;Ligné;19.716666666666665;19;43;(15.0, 20.0];1;tir;nathan DANTO;Ligné;5.0;5;7;-2;adversaire mène;6;6;0
138;J2;USDH;Ligné;20.516666666666666;20;31;(20.0, 25.0];1;but;paul PIERRE;Ligné;7.0;5;8;-3;adversaire mène;6;6;0
139;J2;USDH;Ligné;21.1;21;6;(20.0, 25.0];1;but;mathis MONTERREIN;USDH;40.0;6;8;-2;adversaire mène;6;6;0
140;J2;USDH;Ligné;21.783333333333335;21;47;(20.0, 25.0];1;tir;paul RUIZGARCIA;Ligné;2.0;6;8;-2;adversaire mène;6;6;0
141;J2;USDH;Ligné;22.183333333333334;22;11;(20.0, 25.0];1;avertissement;mathis DUPAS;Ligné;10.0;6;8;-2;adversaire mène;6;6;0
142;J2;USDH;Ligné;22.583333333333332;22;35;(20.0, 25.0];1;but;alexandre COMMEYRAS;USDH;99.0;7;8;-1;adversaire mène;6;6;0
143;J2;USDH;Ligné;23.233333333333334;23;14;(20.0, 25.0];1;but;paul RUIZGARCIA;Ligné;2.0;7;9;-2;adversaire mène;6;6;0
144;J2;USDH;Ligné;24.633333333333333;24;38;(20.0, 25.0];1;avertissement;sebastien MADEC;USDH;13.0;7;9;-2;adversaire mène;6;6;0
145;J2;USDH;Ligné;26.116666666666667;26;7;(25.0, 30.0];1;tir;alexandre COMMEYRAS;USDH;99.0;7;9;-2;adversaire mène;6;6;0
146;J2;USDH;Ligné;26.566666666666666;26;34;(25.0, 30.0];1;tir;mattis BONDU;Ligné;6.0;7;9;-2;adversaire mène;6;6;0
147;J2;USDH;Ligné;26.85;26;51;(25.0, 30.0];1;but;mattis BONDU;Ligné;6.0;7;10;-3;adversaire mène;6;6;0
148;J2;USDH;Ligné;27.783333333333335;27;47;(25.0, 30.0];1;but;amaury LEMOINE;USDH;21.0;8;10;-2;adversaire mène;6;6;0
149;J2;USDH;Ligné;27.883333333333333;27;53;(25.0, 30.0];1;but;amaury LEMOINE;USDH;21.0;9;10;-1;adversaire mène;6;6;0
150;J2;USDH;Ligné;27.983333333333334;27;59;(25.0, 30.0];1;2min;simon PELISSON;USDH;27.0;9;10;-1;adversaire mène;5;6;-1
151;J2;USDH;Ligné;28.1;28;6;(25.0, 30.0];1;tir;paul RUIZGARCIA;Ligné;2.0;9;10;-1;adversaire mène;5;6;-1
152;J2;USDH;Ligné;28.566666666666666;28;34;(25.0, 30.0];1;but;kevin MANCEAU;USDH;7.0;10;10;0;égalité;5;6;-1
153;J2;USDH;Ligné;29.35;29;21;(25.0, 30.0];1;tir;kevin MANCEAU;USDH;7.0;10;10;0;égalité;5;6;-1
154;J2;USDH;Ligné;29.566666666666666;29;34;(25.0, 30.0];1;but;mathis MONTERREIN;USDH;40.0;11;10;1;USDH mène;5;6;-1
155;J2;USDH;Ligné;30.0;30;0;(25.0, 30.0];1;but;valentin MORIN;Ligné;9.0;11;11;0;égalité;6;6;0
156;J2;USDH;Ligné;30.566666666666666;30;34;(30.0, 35.0];2;but;mattis BONDU;Ligné;6.0;11;12;-1;adversaire mène;6;6;0
157;J2;USDH;Ligné;31.55;31;33;(30.0, 35.0];2;tir;alexandre COMMEYRAS;USDH;99.0;11;12;-1;adversaire mène;6;6;0
158;J2;USDH;Ligné;32.083333333333336;32;5;(30.0, 35.0];2;but;clement BONDU;Ligné;8.0;11;13;-2;adversaire mène;6;6;0
159;J2;USDH;Ligné;32.31666666666667;32;19;(30.0, 35.0];2;tir;mathis MONTERREIN;USDH;40.0;11;13;-2;adversaire mène;6;6;0
160;J2;USDH;Ligné;32.86666666666667;32;52;(30.0, 35.0];2;tir;paul PIERRE;Ligné;7.0;11;13;-2;adversaire mène;6;6;0
161;J2;USDH;Ligné;32.9;32;54;(30.0, 35.0];2;2min;valentin MORIN;Ligné;9.0;11;13;-2;adversaire mène;6;5;1
162;J2;USDH;Ligné;33.016666666666666;33;1;(30.0, 35.0];2;tir;alexandre COMMEYRAS;USDH;99.0;11;13;-2;adversaire mène;6;5;1
163;J2;USDH;Ligné;33.71666666666667;33;43;(30.0, 35.0];2;but;alexandre COMMEYRAS;USDH;99.0;12;13;-1;adversaire mène;6;5;1
164;J2;USDH;Ligné;34.516666666666666;34;31;(30.0, 35.0];2;but;paul RUIZGARCIA;Ligné;2.0;12;14;-2;adversaire mène;6;5;1
165;J2;USDH;Ligné;35.68333333333333;35;41;(35.0, 40.0];2;but;clement BONDU;Ligné;8.0;12;15;-3;adversaire mène;6;6;0
166;J2;USDH;Ligné;36.266666666666666;36;16;(35.0, 40.0];2;tir;elwan MESLIN;Ligné;4.0;12;15;-3;adversaire mène;6;6;0
167;J2;USDH;Ligné;36.9;36;54;(35.0, 40.0];2;tir;amaury LEMOINE;USDH;21.0;12;15;-3;adversaire mène;6;6;0
168;J2;USDH;Ligné;37.43333333333333;37;26;(35.0, 40.0];2;but;clement BONDU;Ligné;8.0;12;16;-4;adversaire mène;6;6;0
169;J2;USDH;Ligné;38.3;38;18;(35.0, 40.0];2;tir;alexandre COMMEYRAS;USDH;99.0;12;16;-4;adversaire mène;6;6;0
170;J2;USDH;Ligné;38.78333333333333;38;47;(35.0, 40.0];2;tir;clement BONDU;Ligné;8.0;12;16;-4;adversaire mène;6;6;0
171;J2;USDH;Ligné;39.03333333333333;39;2;(35.0, 40.0];2;temps mort d'équipe recevant; ;USDH;;12;16;-4;adversaire mène;6;6;0
172;J2;USDH;Ligné;39.416666666666664;39;25;(35.0, 40.0];2;tir;sebastien MADEC;USDH;13.0;12;16;-4;adversaire mène;6;6;0
173;J2;USDH;Ligné;40.2;40;12;(40.0, 45.0];2;but;kevin MANCEAU;USDH;7.0;13;16;-3;adversaire mène;6;6;0
174;J2;USDH;Ligné;41.53333333333333;41;32;(40.0, 45.0];2;tir;simon PELISSON;USDH;27.0;13;16;-3;adversaire mène;6;6;0
175;J2;USDH;Ligné;42.71666666666667;42;43;(40.0, 45.0];2;but;kevin MANCEAU;USDH;7.0;14;16;-2;adversaire mène;6;6;0
176;J2;USDH;Ligné;42.78333333333333;42;47;(40.0, 45.0];2;tir;amaury LEMOINE;USDH;21.0;14;16;-2;adversaire mène;6;6;0
177;J2;USDH;Ligné;43.15;43;9;(40.0, 45.0];2;but;valentin MORIN;Ligné;9.0;14;17;-3;adversaire mène;6;6;0
178;J2;USDH;Ligné;43.35;43;21;(40.0, 45.0];2;tir;alexandre COMMEYRAS;USDH;99.0;14;17;-3;adversaire mène;6;6;0
179;J2;USDH;Ligné;44.083333333333336;44;5;(40.0, 45.0];2;but;alexandre COMMEYRAS;USDH;99.0;15;17;-2;adversaire mène;6;6;0
180;J2;USDH;Ligné;44.81666666666667;44;49;(40.0, 45.0];2;2min;mathis MONTERREIN;USDH;40.0;15;17;-2;adversaire mène;5;6;-1
181;J2;USDH;Ligné;45.21666666666667;45;13;(45.0, 50.0];2;tir;nathan DANTO;Ligné;5.0;15;17;-2;adversaire mène;5;6;-1
182;J2;USDH;Ligné;46.016666666666666;46;1;(45.0, 50.0];2;but;nathan DANTO;Ligné;5.0;15;18;-3;adversaire mène;5;6;-1
183;J2;USDH;Ligné;46.53333333333333;46;32;(45.0, 50.0];2;tir;alexandre COMMEYRAS;USDH;99.0;15;18;-3;adversaire mène;5;6;-1
184;J2;USDH;Ligné;47.083333333333336;47;5;(45.0, 50.0];2;tir;alexandre COMMEYRAS;USDH;99.0;15;18;-3;adversaire mène;6;6;0
185;J2;USDH;Ligné;47.78333333333333;47;47;(45.0, 50.0];2;but;kevin MANCEAU;USDH;7.0;16;18;-2;adversaire mène;6;6;0
186;J2;USDH;Ligné;48.8;48;48;(45.0, 50.0];2;tir;mathis MONTERREIN;USDH;40.0;16;18;-2;adversaire mène;6;6;0
187;J2;USDH;Ligné;49.43333333333333;49;26;(45.0, 50.0];2;temps mort d'équipe visiteur; ;Ligné;;16;18;-2;adversaire mène;6;6;0
188;J2;USDH;Ligné;50.11666666666667;50;7;(50.0, 55.0];2;but;clement BONDU;Ligné;8.0;16;19;-3;adversaire mène;6;6;0
189;J2;USDH;Ligné;50.45;50;27;(50.0, 55.0];2;but;mathis MONTERREIN;USDH;40.0;17;19;-2;adversaire mène;6;6;0
190;J2;USDH;Ligné;50.93333333333333;50;56;(50.0, 55.0];2;tir;mathis DUPAS;Ligné;10.0;17;19;-2;adversaire mène;6;6;0
191;J2;USDH;Ligné;51.3;51;18;(50.0, 55.0];2;tir;mathis MONTERREIN;USDH;40.0;17;19;-2;adversaire mène;6;6;0
192;J2;USDH;Ligné;51.61666666666667;51;37;(50.0, 55.0];2;but;amaury LEMOINE;USDH;21.0;18;19;-1;adversaire mène;6;6;0
193;J2;USDH;Ligné;52.85;52;51;(50.0, 55.0];2;tir;clement BONDU;Ligné;8.0;18;19;-1;adversaire mène;6;6;0
194;J2;USDH;Ligné;53.53333333333333;53;32;(50.0, 55.0];2;tir;alexandre COMMEYRAS;USDH;99.0;18;19;-1;adversaire mène;6;6;0
195;J2;USDH;Ligné;53.68333333333333;53;41;(50.0, 55.0];2;but;amaury LEMOINE;USDH;21.0;19;19;0;égalité;6;6;0
196;J2;USDH;Ligné;55.45;55;27;(55.0, 60.0];2;temps mort d'équipe recevant; ;USDH;;19;19;0;égalité;6;6;0
197;J2;USDH;Ligné;55.88333333333333;55;53;(55.0, 60.0];2;tir;alexandre COMMEYRAS;USDH;99.0;19;19;0;égalité;6;6;0
198;J2;USDH;Ligné;56.7;56;42;(55.0, 60.0];2;but;paul PIERRE;Ligné;7.0;19;20;-1;adversaire mène;6;6;0
199;J2;USDH;Ligné;57.13333333333333;57;8;(55.0, 60.0];2;but;remi GUILLON;USDH;93.0;20;20;0;égalité;6;6;0
200;J2;USDH;Ligné;57.93333333333333;57;56;(55.0, 60.0];2;but;theo BENNASAR;Ligné;13.0;20;21;-1;adversaire mène;6;6;0
201;J2;USDH;Ligné;58.05;58;3;(55.0, 60.0];2;tir;sebastien MADEC;USDH;13.0;20;21;-1;adversaire mène;6;6;0
202;J2;USDH;Ligné;58.25;58;15;(55.0, 60.0];2;tir;amaury LEMOINE;USDH;21.0;20;21;-1;adversaire mène;6;6;0
203;J2;USDH;Ligné;58.8;58;48;(55.0, 60.0];2;tir;mathis DUPAS;Ligné;10.0;20;21;-1;adversaire mène;6;6;0
204;J2;USDH;Ligné;58.88333333333333;58;53;(55.0, 60.0];2;but;paul PIERRE;Ligné;7.0;20;22;-2;adversaire mène;6;6;0
205;J2;USDH;Ligné;59.166666666666664;59;10;(55.0, 60.0];2;tir;alexandre COMMEYRAS;USDH;99.0;20;22;-2;adversaire mène;6;6;0
206;J2;USDH;Ligné;59.28333333333333;59;17;(55.0, 60.0];2;temps mort d'équipe visiteur; ;Ligné;;20;22;-2;adversaire mène;6;6;0
207;J2;USDH;Ligné;59.666666666666664;59;40;(55.0, 60.0];2;tir;mattis BONDU;Ligné;6.0;20;22;-2;adversaire mène;6;6;0
208;J2;USDH;Ligné;59.75;59;45;(55.0, 60.0];2;but;brice HANEN;USDH;9.0;21;22;-1;adversaire mène;6;6;0
209;J2;USDH;Ligné;60.0;60;0;(55.0, 60.0];2;tir;kevin MANCEAU;USDH;7.0;21;22;-1;adversaire mène;6;6;0
210;J3;Authion;USDH;0.0;0;0;(-0.001, 5.0];1; ; ; ;;0;0;0;égalité;6;6;0
211;J3;Authion;USDH;1.5333333333333332;1;32;(-0.001, 5.0];1;but;alexis DUPE;Authion;4.0;0;1;-1;adversaire mène;6;6;0
212;J3;Authion;USDH;2.25;2;15;(-0.001, 5.0];1;but;julien DEJESUSBENTO;Authion;9.0;0;2;-2;adversaire mène;6;6;0
213;J3;Authion;USDH;2.3833333333333333;2;23;(-0.001, 5.0];1;2min;clement LERENDU;Authion;3.0;0;2;-2;adversaire mène;6;5;1
214;J3;Authion;USDH;2.4833333333333334;2;29;(-0.001, 5.0];1;but;vivien HENNETIER;USDH;33.0;1;2;-1;adversaire mène;6;5;1
215;J3;Authion;USDH;3.2;3;12;(-0.001, 5.0];1;avertissement;mathis MONTERREIN;USDH;40.0;1;2;-1;adversaire mène;6;5;1
216;J3;Authion;USDH;4.283333333333333;4;17;(-0.001, 5.0];1;avertissement;julien DEJESUSBENTO;Authion;9.0;1;2;-1;adversaire mène;6;5;1
217;J3;Authion;USDH;5.083333333333333;5;5;(5.0, 10.0];1;arrêt;yohan FISSON;Authion;11.0;1;2;-1;adversaire mène;6;6;0
218;J3;Authion;USDH;5.116666666666666;5;7;(5.0, 10.0];1;arrêt;yohan FISSON;Authion;11.0;1;2;-1;adversaire mène;6;6;0
219;J3;Authion;USDH;5.55;5;33;(5.0, 10.0];1;arrêt;abel GRENON;USDH;36.0;1;2;-1;adversaire mène;6;6;0
220;J3;Authion;USDH;6.55;6;33;(5.0, 10.0];1;but;kevin MANCEAU;USDH;7.0;2;2;0;égalité;6;6;0
221;J3;Authion;USDH;7.25;7;15;(5.0, 10.0];1;but;julien DEJESUSBENTO;Authion;9.0;2;3;-1;adversaire mène;6;6;0
222;J3;Authion;USDH;7.566666666666666;7;34;(5.0, 10.0];1;but;simon PELISSON;USDH;27.0;3;3;0;égalité;6;6;0
223;J3;Authion;USDH;8.133333333333333;8;8;(5.0, 10.0];1;but;kevin MANCEAU;USDH;7.0;4;3;1;USDH mène;6;6;0
224;J3;Authion;USDH;8.7;8;42;(5.0, 10.0];1;arrêt;abel GRENON;USDH;36.0;4;3;1;USDH mène;6;6;0
225;J3;Authion;USDH;8.866666666666667;8;52;(5.0, 10.0];1;arrêt;yohan FISSON;Authion;11.0;4;3;1;USDH mène;6;6;0
226;J3;Authion;USDH;9.4;9;24;(5.0, 10.0];1;but;julien DEJESUSBENTO;Authion;9.0;4;4;0;égalité;6;6;0
227;J3;Authion;USDH;10.016666666666667;10;1;(10.0, 15.0];1;tir;amaury LEMOINE;USDH;21.0;4;4;0;égalité;6;6;0
228;J3;Authion;USDH;10.233333333333333;10;14;(10.0, 15.0];1;but;kevin MANCEAU;USDH;7.0;5;4;1;USDH mène;6;6;0
229;J3;Authion;USDH;10.7;10;42;(10.0, 15.0];1;2min;antonin BOSQ;Authion;10.0;5;4;1;USDH mène;6;5;1
230;J3;Authion;USDH;11.133333333333333;11;8;(10.0, 15.0];1;arrêt;yohan FISSON;Authion;11.0;5;4;1;USDH mène;6;5;1
231;J3;Authion;USDH;11.7;11;42;(10.0, 15.0];1;tir;clement LERENDU;Authion;3.0;5;4;1;USDH mène;6;5;1
232;J3;Authion;USDH;12.116666666666667;12;7;(10.0, 15.0];1;tir;simon PELISSON;USDH;27.0;5;4;1;USDH mène;6;5;1
233;J3;Authion;USDH;12.166666666666666;12;10;(10.0, 15.0];1;arrêt;yohan FISSON;Authion;11.0;5;4;1;USDH mène;6;5;1
234;J3;Authion;USDH;12.3;12;18;(10.0, 15.0];1;tir;clement PRAUD;Authion;8.0;5;4;1;USDH mène;6;5;1
235;J3;Authion;USDH;12.733333333333333;12;44;(10.0, 15.0];1;avertissement;vivien HENNETIER;USDH;33.0;5;4;1;USDH mène;6;6;0
236;J3;Authion;USDH;12.866666666666667;12;52;(10.0, 15.0];1;but;julien DEJESUSBENTO;Authion;9.0;5;5;0;égalité;6;6;0
237;J3;Authion;USDH;13.35;13;21;(10.0, 15.0];1;arrêt;yohan FISSON;Authion;11.0;5;5;0;égalité;6;6;0
238;J3;Authion;USDH;13.733333333333333;13;44;(10.0, 15.0];1;but;vivien HENNETIER;USDH;33.0;6;5;1;USDH mène;6;6;0
239;J3;Authion;USDH;14.25;14;15;(10.0, 15.0];1;arrêt;abel GRENON;USDH;36.0;6;5;1;USDH mène;6;6;0
240;J3;Authion;USDH;14.6;14;36;(10.0, 15.0];1;tir;clement PRAUD;Authion;8.0;6;5;1;USDH mène;6;6;0
241;J3;Authion;USDH;14.633333333333333;14;38;(10.0, 15.0];1;arrêt;abel GRENON;USDH;36.0;6;5;1;USDH mène;6;6;0
242;J3;Authion;USDH;14.733333333333333;14;44;(10.0, 15.0];1;tir;vivien HENNETIER;USDH;33.0;6;5;1;USDH mène;6;6;0
243;J3;Authion;USDH;14.766666666666667;14;46;(10.0, 15.0];1;arrêt;yohan FISSON;Authion;11.0;6;5;1;USDH mène;6;6;0
244;J3;Authion;USDH;14.916666666666666;14;55;(10.0, 15.0];1;but;julien DEJESUSBENTO;Authion;9.0;6;6;0;égalité;6;6;0
245;J3;Authion;USDH;15.533333333333333;15;32;(15.0, 20.0];1;but;bastien BOSQ;Authion;44.0;6;7;-1;adversaire mène;6;6;0
246;J3;Authion;USDH;15.75;15;45;(15.0, 20.0];1;arrêt;yohan FISSON;Authion;11.0;6;7;-1;adversaire mène;6;6;0
247;J3;Authion;USDH;16.683333333333334;16;41;(15.0, 20.0];1;2min;alexis DUPE;Authion;4.0;6;7;-1;adversaire mène;6;5;1
248;J3;Authion;USDH;17.883333333333333;17;53;(15.0, 20.0];1;temps mort d'équipe recevant; ;Authion;;6;7;-1;adversaire mène;6;5;1
249;J3;Authion;USDH;18.233333333333334;18;14;(15.0, 20.0];1;tir;bastien BOSQ;Authion;44.0;6;7;-1;adversaire mène;6;5;1
250;J3;Authion;USDH;18.266666666666666;18;16;(15.0, 20.0];1;2min;amaury LEMOINE;USDH;21.0;6;7;-1;adversaire mène;5;5;0
251;J3;Authion;USDH;18.35;18;21;(15.0, 20.0];1;but;clement LERENDU;Authion;3.0;6;8;-2;adversaire mène;5;5;0
252;J3;Authion;USDH;18.9;18;54;(15.0, 20.0];1;tir;kevin MANCEAU;USDH;7.0;6;8;-2;adversaire mène;5;6;-1
253;J3;Authion;USDH;18.916666666666668;18;55;(15.0, 20.0];1;arrêt;yohan FISSON;Authion;11.0;6;8;-2;adversaire mène;5;6;-1
254;J3;Authion;USDH;19.05;19;3;(15.0, 20.0];1;but;emilien GILLET;Authion;99.0;6;9;-3;adversaire mène;5;6;-1
255;J3;Authion;USDH;20.4;20;24;(20.0, 25.0];1;but;bastien BOSQ;Authion;44.0;6;10;-4;adversaire mène;6;6;0
256;J3;Authion;USDH;21.166666666666668;21;10;(20.0, 25.0];1;temps mort d'équipe visiteur; ;USDH;;6;10;-4;adversaire mène;6;6;0
257;J3;Authion;USDH;21.666666666666668;21;40;(20.0, 25.0];1;but;brice HANEN;USDH;9.0;7;10;-3;adversaire mène;6;6;0
258;J3;Authion;USDH;22.8;22;48;(20.0, 25.0];1;tir;edgard CHATOUX;Authion;22.0;7;10;-3;adversaire mène;6;6;0
259;J3;Authion;USDH;23.116666666666667;23;7;(20.0, 25.0];1;but;alexandre COMMEYRAS;USDH;99.0;8;10;-2;adversaire mène;6;6;0
260;J3;Authion;USDH;23.75;23;45;(20.0, 25.0];1;but;kevin MANCEAU;USDH;7.0;9;10;-1;adversaire mène;6;6;0
261;J3;Authion;USDH;24.333333333333332;24;20;(20.0, 25.0];1;tir;edgard CHATOUX;Authion;22.0;9;10;-1;adversaire mène;6;6;0
262;J3;Authion;USDH;24.583333333333332;24;35;(20.0, 25.0];1;tir;edgard CHATOUX;Authion;22.0;9;10;-1;adversaire mène;6;6;0
263;J3;Authion;USDH;24.616666666666667;24;37;(20.0, 25.0];1;arrêt;abel GRENON;USDH;36.0;9;10;-1;adversaire mène;6;6;0
264;J3;Authion;USDH;24.883333333333333;24;53;(20.0, 25.0];1;but;remi GUILLON;USDH;93.0;10;10;0;égalité;6;6;0
265;J3;Authion;USDH;25.833333333333332;25;50;(25.0, 30.0];1;tir;clement LERENDU;Authion;3.0;10;10;0;égalité;6;6;0
266;J3;Authion;USDH;25.866666666666667;25;52;(25.0, 30.0];1;arrêt;abel GRENON;USDH;36.0;10;10;0;égalité;6;6;0
267;J3;Authion;USDH;26.383333333333333;26;23;(25.0, 30.0];1;but;edgard CHATOUX;Authion;22.0;10;11;-1;adversaire mène;6;6;0
268;J3;Authion;USDH;26.583333333333332;26;35;(25.0, 30.0];1;but;remi GUILLON;USDH;93.0;11;11;0;égalité;6;6;0
269;J3;Authion;USDH;27.45;27;27;(25.0, 30.0];1;tir;julien DEJESUSBENTO;Authion;9.0;11;11;0;égalité;6;6;0
270;J3;Authion;USDH;28.866666666666667;28;52;(25.0, 30.0];1;but;antonin BOSQ;Authion;10.0;11;12;-1;adversaire mène;6;6;0
271;J3;Authion;USDH;29.05;29;3;(25.0, 30.0];1;but;alexandre COMMEYRAS;USDH;99.0;12;12;0;égalité;6;6;0
272;J3;Authion;USDH;29.45;29;27;(25.0, 30.0];1;tir;clement LERENDU;Authion;3.0;12;12;0;égalité;6;6;0
273;J3;Authion;USDH;29.983333333333334;29;59;(25.0, 30.0];1;tir;alexandre COMMEYRAS;USDH;99.0;12;12;0;égalité;6;6;0
274;J3;Authion;USDH;30.0;30;0;(25.0, 30.0];1;arrêt;yohan FISSON;Authion;11.0;12;12;0;égalité;6;6;0
275;J3;Authion;USDH;31.0;31;0;(30.0, 35.0];2;but;yohan FISSON;Authion;11.0;12;13;-1;adversaire mène;6;6;0
276;J3;Authion;USDH;31.45;31;27;(30.0, 35.0];2;tir;sebastien MADEC;USDH;13.0;12;13;-1;adversaire mène;6;6;0
277;J3;Authion;USDH;31.55;31;33;(30.0, 35.0];2;but;alexis DUPE;Authion;4.0;12;14;-2;adversaire mène;6;6;0
278;J3;Authion;USDH;32.166666666666664;32;10;(30.0, 35.0];2;but;simon PELISSON;USDH;27.0;13;14;-1;adversaire mène;6;6;0
279;J3;Authion;USDH;32.36666666666667;32;22;(30.0, 35.0];2;but;yohan FISSON;Authion;11.0;13;15;-2;adversaire mène;6;6;0
280;J3;Authion;USDH;32.7;32;42;(30.0, 35.0];2;but;mathis MONTERREIN;USDH;40.0;14;15;-1;adversaire mène;6;6;0
281;J3;Authion;USDH;33.483333333333334;33;29;(30.0, 35.0];2;but;bastien BOSQ;Authion;44.0;14;16;-2;adversaire mène;6;6;0
282;J3;Authion;USDH;34.13333333333333;34;8;(30.0, 35.0];2;tir;simon PELISSON;USDH;27.0;14;16;-2;adversaire mène;6;6;0
283;J3;Authion;USDH;34.78333333333333;34;47;(30.0, 35.0];2;but;yohan FISSON;Authion;11.0;14;17;-3;adversaire mène;6;6;0
284;J3;Authion;USDH;35.05;35;3;(35.0, 40.0];2;but;mathis MONTERREIN;USDH;40.0;15;17;-2;adversaire mène;6;6;0
285;J3;Authion;USDH;35.983333333333334;35;59;(35.0, 40.0];2;but;alexis DUPE;Authion;4.0;15;18;-3;adversaire mène;6;6;0
286;J3;Authion;USDH;36.483333333333334;36;29;(35.0, 40.0];2;tir;remi GUILLON;USDH;93.0;15;18;-3;adversaire mène;6;6;0
287;J3;Authion;USDH;36.516666666666666;36;31;(35.0, 40.0];2;arrêt;tristan FERIE;Authion;86.0;15;18;-3;adversaire mène;6;6;0
288;J3;Authion;USDH;36.71666666666667;36;43;(35.0, 40.0];2;but;simon PELISSON;USDH;27.0;16;18;-2;adversaire mène;6;6;0
289;J3;Authion;USDH;37.333333333333336;37;20;(35.0, 40.0];2;tir;clement PRAUD;Authion;8.0;16;18;-2;adversaire mène;6;6;0
290;J3;Authion;USDH;37.36666666666667;37;22;(35.0, 40.0];2;arrêt;abel GRENON;USDH;36.0;16;18;-2;adversaire mène;6;6;0
291;J3;Authion;USDH;37.6;37;36;(35.0, 40.0];2;but;mathis MONTERREIN;USDH;40.0;17;18;-1;adversaire mène;6;6;0
292;J3;Authion;USDH;38.15;38;9;(35.0, 40.0];2;but;julien DEJESUSBENTO;Authion;9.0;17;19;-2;adversaire mène;6;6;0
293;J3;Authion;USDH;38.583333333333336;38;35;(35.0, 40.0];2;tir;simon PELISSON;USDH;27.0;17;19;-2;adversaire mène;6;6;0
294;J3;Authion;USDH;38.61666666666667;38;37;(35.0, 40.0];2;arrêt;tristan FERIE;Authion;86.0;17;19;-2;adversaire mène;6;6;0
295;J3;Authion;USDH;39.266666666666666;39;16;(35.0, 40.0];2;tir;clement PRAUD;Authion;8.0;17;19;-2;adversaire mène;6;6;0
296;J3;Authion;USDH;39.3;39;18;(35.0, 40.0];2;arrêt;abel GRENON;USDH;36.0;17;19;-2;adversaire mène;6;6;0
297;J3;Authion;USDH;39.8;39;48;(35.0, 40.0];2;but;mathis MONTERREIN;USDH;40.0;18;19;-1;adversaire mène;6;6;0
298;J3;Authion;USDH;40.4;40;24;(40.0, 45.0];2;tir;clement LERENDU;Authion;3.0;18;19;-1;adversaire mène;6;6;0
299;J3;Authion;USDH;40.71666666666667;40;43;(40.0, 45.0];2;but;clement LERENDU;Authion;3.0;18;20;-2;adversaire mène;6;6;0
300;J3;Authion;USDH;41.03333333333333;41;2;(40.0, 45.0];2;but;amaury LEMOINE;USDH;21.0;19;20;-1;adversaire mène;6;6;0
301;J3;Authion;USDH;41.88333333333333;41;53;(40.0, 45.0];2;tir;alexis DUPE;Authion;4.0;19;20;-1;adversaire mène;6;6;0
302;J3;Authion;USDH;41.916666666666664;41;55;(40.0, 45.0];2;arrêt;abel GRENON;USDH;36.0;19;20;-1;adversaire mène;6;6;0
303;J3;Authion;USDH;42.483333333333334;42;29;(40.0, 45.0];2;tir;mathis MONTERREIN;USDH;40.0;19;20;-1;adversaire mène;6;6;0
304;J3;Authion;USDH;43.266666666666666;43;16;(40.0, 45.0];2;but;kevin MANCEAU;USDH;7.0;20;20;0;égalité;6;6;0
305;J3;Authion;USDH;44.06666666666667;44;4;(40.0, 45.0];2;tir;clement LERENDU;Authion;3.0;20;20;0;égalité;6;6;0
306;J3;Authion;USDH;44.1;44;6;(40.0, 45.0];2;arrêt;abel GRENON;USDH;36.0;20;20;0;égalité;6;6;0
307;J3;Authion;USDH;44.5;44;30;(40.0, 45.0];2;but;mathis MONTERREIN;USDH;40.0;21;20;1;USDH mène;6;6;0
308;J3;Authion;USDH;44.88333333333333;44;53;(40.0, 45.0];2;but;amaury LEMOINE;USDH;21.0;22;20;2;USDH mène;6;6;0
309;J3;Authion;USDH;45.6;45;36;(45.0, 50.0];2;tir;kevin MANCEAU;USDH;7.0;22;20;2;USDH mène;6;6;0
310;J3;Authion;USDH;45.65;45;39;(45.0, 50.0];2;arrêt;yohan FISSON;Authion;11.0;22;20;2;USDH mène;6;6;0
311;J3;Authion;USDH;45.88333333333333;45;53;(45.0, 50.0];2;tir;bastien BOSQ;Authion;44.0;22;20;2;USDH mène;6;6;0
312;J3;Authion;USDH;48.0;48;0;(45.0, 50.0];2;tir;mathis MONTERREIN;USDH;40.0;22;20;2;USDH mène;6;6;0
313;J3;Authion;USDH;48.3;48;18;(45.0, 50.0];2;2min;gwenael POT;Authion;13.0;22;20;2;USDH mène;6;5;1
314;J3;Authion;USDH;48.71666666666667;48;43;(45.0, 50.0];2;but;simon PELISSON;USDH;27.0;23;20;3;USDH mène;6;5;1
315;J3;Authion;USDH;49.35;49;21;(45.0, 50.0];2;tir;bastien BOSQ;Authion;44.0;23;20;3;USDH mène;6;5;1
316;J3;Authion;USDH;49.4;49;24;(45.0, 50.0];2;arrêt;abel GRENON;USDH;36.0;23;20;3;USDH mène;6;5;1
317;J3;Authion;USDH;49.68333333333333;49;41;(45.0, 50.0];2;tir;clement LERENDU;Authion;3.0;23;20;3;USDH mène;6;5;1
318;J3;Authion;USDH;51.0;51;0;(50.0, 55.0];2;tir;remi GUILLON;USDH;93.0;23;20;3;USDH mène;6;6;0
319;J3;Authion;USDH;51.016666666666666;51;1;(50.0, 55.0];2;arrêt;yohan FISSON;Authion;11.0;23;20;3;USDH mène;6;6;0
320;J3;Authion;USDH;51.25;51;15;(50.0, 55.0];2;but;sebastien MADEC;USDH;13.0;24;20;4;USDH mène;6;6;0
321;J3;Authion;USDH;51.63333333333333;51;38;(50.0, 55.0];2;but;yohan FISSON;Authion;11.0;24;21;3;USDH mène;6;6;0
322;J3;Authion;USDH;51.93333333333333;51;56;(50.0, 55.0];2;tir;sebastien MADEC;USDH;13.0;24;21;3;USDH mène;6;6;0
323;J3;Authion;USDH;51.96666666666667;51;58;(50.0, 55.0];2;arrêt;yohan FISSON;Authion;11.0;24;21;3;USDH mène;6;6;0
324;J3;Authion;USDH;52.05;52;3;(50.0, 55.0];2;tir;gwenael POT;Authion;13.0;24;21;3;USDH mène;6;6;0
325;J3;Authion;USDH;52.083333333333336;52;5;(50.0, 55.0];2;arrêt;abel GRENON;USDH;36.0;24;21;3;USDH mène;6;6;0
326;J3;Authion;USDH;52.43333333333333;52;26;(50.0, 55.0];2;but;simon PELISSON;USDH;27.0;25;21;4;USDH mène;6;6;0
327;J3;Authion;USDH;52.88333333333333;52;53;(50.0, 55.0];2;but;gwenael POT;Authion;13.0;25;22;3;USDH mène;6;6;0
328;J3;Authion;USDH;52.916666666666664;52;55;(50.0, 55.0];2;temps mort d'équipe visiteur; ;USDH;;25;22;3;USDH mène;6;6;0
329;J3;Authion;USDH;53.56666666666667;53;34;(50.0, 55.0];2;disqualification immédiate;gwenael POT;Authion;13.0;25;22;3;USDH mène;6;6;0
330;J3;Authion;USDH;53.7;53;42;(50.0, 55.0];2;but;vivien HENNETIER;USDH;33.0;26;22;4;USDH mène;6;6;0
331;J3;Authion;USDH;54.166666666666664;54;10;(50.0, 55.0];2;tir;clement PRAUD;Authion;8.0;26;22;4;USDH mène;6;6;0
332;J3;Authion;USDH;54.53333333333333;54;32;(50.0, 55.0];2;tir;simon PELISSON;USDH;27.0;26;22;4;USDH mène;6;6;0
333;J3;Authion;USDH;54.56666666666667;54;34;(50.0, 55.0];2;arrêt;yohan FISSON;Authion;11.0;26;22;4;USDH mène;6;6;0
334;J3;Authion;USDH;55.03333333333333;55;2;(55.0, 60.0];2;but;julien DEJESUSBENTO;Authion;9.0;26;23;3;USDH mène;6;6;0
335;J3;Authion;USDH;55.45;55;27;(55.0, 60.0];2;but;sebastien MADEC;USDH;13.0;27;23;4;USDH mène;6;6;0
336;J3;Authion;USDH;55.88333333333333;55;53;(55.0, 60.0];2;but;antonin BOSQ;Authion;10.0;27;24;3;USDH mène;6;6;0
337;J3;Authion;USDH;56.35;56;21;(55.0, 60.0];2;but;alexis DUPE;Authion;4.0;27;25;2;USDH mène;6;6;0
338;J3;Authion;USDH;56.36666666666667;56;22;(55.0, 60.0];2;2min;sebastien MADEC;USDH;13.0;27;25;2;USDH mène;5;6;-1
339;J3;Authion;USDH;56.86666666666667;56;52;(55.0, 60.0];2;tir;clement PRAUD;Authion;8.0;27;25;2;USDH mène;5;6;-1
340;J3;Authion;USDH;57.4;57;24;(55.0, 60.0];2;but;alexandre COMMEYRAS;USDH;99.0;28;25;3;USDH mène;5;6;-1
341;J3;Authion;USDH;57.63333333333333;57;38;(55.0, 60.0];2;but;antonin BOSQ;Authion;10.0;28;26;2;USDH mène;5;6;-1
342;J3;Authion;USDH;57.85;57;51;(55.0, 60.0];2;temps mort d'équipe visiteur; ;USDH;;28;26;2;USDH mène;5;6;-1
343;J3;Authion;USDH;57.86666666666667;57;52;(55.0, 60.0];2;2min;clement LERENDU;Authion;3.0;28;26;2;USDH mène;5;5;0
344;J3;Authion;USDH;58.28333333333333;58;17;(55.0, 60.0];2;but;alexandre COMMEYRAS;USDH;99.0;29;26;3;USDH mène;5;5;0
345;J3;Authion;USDH;58.53333333333333;58;32;(55.0, 60.0];2;2min;antonin BOSQ;Authion;10.0;29;26;3;USDH mène;6;4;2
346;J3;Authion;USDH;59.1;59;6;(55.0, 60.0];2;but;bastien BOSQ;Authion;44.0;29;27;2;USDH mène;6;4;2
347;J3;Authion;USDH;59.36666666666667;59;22;(55.0, 60.0];2;but;alexandre COMMEYRAS;USDH;99.0;30;27;3;USDH mène;6;4;2
348;J3;Authion;USDH;59.53333333333333;59;32;(55.0, 60.0];2;tir;clement PRAUD;Authion;8.0;30;27;3;USDH mène;6;4;2
349;J3;Authion;USDH;60.0;60;0;(55.0, 60.0];2; ; ; ;;30;27;3;USDH mène;6;5;1
350;J4;La Ferté;USDH;0.0;0;0;(-0.001, 5.0];1; ; ; ;;0;0;0;égalité;6;6;0
351;J4;La Ferté;USDH;1.4666666666666668;1;28;(-0.001, 5.0];1;but;theo RIGUET;La Ferté;3.0;0;1;-1;adversaire mène;6;6;0
352;J4;La Ferté;USDH;1.6666666666666665;1;40;(-0.001, 5.0];1;but;sebastien MADEC;USDH;13.0;1;1;0;égalité;6;6;0
353;J4;La Ferté;USDH;2.5666666666666664;2;34;(-0.001, 5.0];1;tir;marius ALIX;La Ferté;10.0;1;1;0;égalité;6;6;0
354;J4;La Ferté;USDH;3.3166666666666664;3;19;(-0.001, 5.0];1;tir;kevin MANCEAU;USDH;7.0;1;1;0;égalité;6;6;0
355;J4;La Ferté;USDH;3.3833333333333333;3;23;(-0.001, 5.0];1;tir;kevin MANCEAU;USDH;7.0;1;1;0;égalité;6;6;0
356;J4;La Ferté;USDH;3.45;3;27;(-0.001, 5.0];1;2min;marius ALIX;La Ferté;10.0;1;1;0;égalité;6;5;1
357;J4;La Ferté;USDH;3.7666666666666666;3;46;(-0.001, 5.0];1;but;alexandre COMMEYRAS;USDH;99.0;2;1;1;USDH mène;6;5;1
358;J4;La Ferté;USDH;4.283333333333333;4;17;(-0.001, 5.0];1;but;benoit CROISEAU;La Ferté;9.0;2;2;0;égalité;6;5;1
359;J4;La Ferté;USDH;4.433333333333334;4;26;(-0.001, 5.0];1;but;simon PELISSON;USDH;27.0;3;2;1;USDH mène;6;5;1
360;J4;La Ferté;USDH;5.85;5;51;(5.0, 10.0];1;tir;alexandre COMMEYRAS;USDH;99.0;3;2;1;USDH mène;6;6;0
361;J4;La Ferté;USDH;6.016666666666667;6;1;(5.0, 10.0];1;arrêt;hugo GUEVELOU;La Ferté;14.0;3;2;1;USDH mène;6;6;0
362;J4;La Ferté;USDH;6.85;6;51;(5.0, 10.0];1;but;francois CHAUDUN;La Ferté;4.0;3;3;0;égalité;6;6;0
363;J4;La Ferté;USDH;7.1;7;6;(5.0, 10.0];1;but;remi GUILLON;USDH;93.0;4;3;1;USDH mène;6;6;0
364;J4;La Ferté;USDH;7.55;7;33;(5.0, 10.0];1;but;arnaud GAY;La Ferté;6.0;4;4;0;égalité;6;6;0
365;J4;La Ferté;USDH;7.85;7;51;(5.0, 10.0];1;but;benoit CROISEAU;La Ferté;9.0;4;5;-1;adversaire mène;6;6;0
366;J4;La Ferté;USDH;8.7;8;42;(5.0, 10.0];1;but 7m;vivien HENNETIER;USDH;33.0;5;5;0;égalité;6;6;0
367;J4;La Ferté;USDH;9.166666666666666;9;10;(5.0, 10.0];1;but;arnaud GAY;La Ferté;6.0;5;6;-1;adversaire mène;6;6;0
368;J4;La Ferté;USDH;9.366666666666667;9;22;(5.0, 10.0];1;tir;sebastien MADEC;USDH;13.0;5;6;-1;adversaire mène;6;6;0
369;J4;La Ferté;USDH;9.483333333333333;9;29;(5.0, 10.0];1;arrêt;hugo GUEVELOU;La Ferté;14.0;5;6;-1;adversaire mène;6;6;0
370;J4;La Ferté;USDH;9.516666666666667;9;31;(5.0, 10.0];1;but;theo RIGUET;La Ferté;3.0;5;7;-2;adversaire mène;6;6;0
371;J4;La Ferté;USDH;10.133333333333333;10;8;(10.0, 15.0];1;tir;simon PELISSON;USDH;27.0;5;7;-2;adversaire mène;6;6;0
372;J4;La Ferté;USDH;10.183333333333334;10;11;(10.0, 15.0];1;arrêt;hugo GUEVELOU;La Ferté;14.0;5;7;-2;adversaire mène;6;6;0
373;J4;La Ferté;USDH;10.45;10;27;(10.0, 15.0];1;but;remi GUILLON;USDH;93.0;6;7;-1;adversaire mène;6;6;0
374;J4;La Ferté;USDH;11.033333333333333;11;2;(10.0, 15.0];1;tir;benoit CROISEAU;La Ferté;9.0;6;7;-1;adversaire mène;6;6;0
375;J4;La Ferté;USDH;11.083333333333334;11;5;(10.0, 15.0];1;temps mort d'équipe visiteur; ;USDH;;6;7;-1;adversaire mène;6;6;0
376;J4;La Ferté;USDH;11.1;11;6;(10.0, 15.0];1;but;theo RIGUET;La Ferté;3.0;6;8;-2;adversaire mène;6;6;0
377;J4;La Ferté;USDH;12.0;12;0;(10.0, 15.0];1;tir;remy MONTHULE;La Ferté;12.0;6;8;-2;adversaire mène;6;6;0
378;J4;La Ferté;USDH;12.183333333333334;12;11;(10.0, 15.0];1;arrêt;abel GRENON;USDH;36.0;6;8;-2;adversaire mène;6;6;0
379;J4;La Ferté;USDH;12.433333333333334;12;26;(10.0, 15.0];1;but;kevin MANCEAU;USDH;7.0;7;8;-1;adversaire mène;6;6;0
380;J4;La Ferté;USDH;13.0;13;0;(10.0, 15.0];1;but;sebastien MADEC;USDH;13.0;8;8;0;égalité;6;6;0
381;J4;La Ferté;USDH;13.4;13;24;(10.0, 15.0];1;but;arnaud GAY;La Ferté;6.0;8;9;-1;adversaire mène;6;6;0
382;J4;La Ferté;USDH;13.766666666666667;13;46;(10.0, 15.0];1;tir;alexandre COMMEYRAS;USDH;99.0;8;9;-1;adversaire mène;6;6;0
383;J4;La Ferté;USDH;14.3;14;18;(10.0, 15.0];1;but;arnaud GAY;La Ferté;6.0;8;10;-2;adversaire mène;6;6;0
384;J4;La Ferté;USDH;14.833333333333334;14;50;(10.0, 15.0];1;but;sebastien MADEC;USDH;13.0;9;10;-1;adversaire mène;6;6;0
385;J4;La Ferté;USDH;15.383333333333333;15;23;(15.0, 20.0];1;2min;arnaud GAY;La Ferté;6.0;9;10;-1;adversaire mène;6;5;1
386;J4;La Ferté;USDH;15.566666666666666;15;34;(15.0, 20.0];1;but;sebastien MADEC;USDH;13.0;10;10;0;égalité;6;5;1
387;J4;La Ferté;USDH;16.183333333333334;16;11;(15.0, 20.0];1;2min;sebastien MADEC;USDH;13.0;10;10;0;égalité;5;5;0
388;J4;La Ferté;USDH;16.266666666666666;16;16;(15.0, 20.0];1;tir;remy MONTHULE;La Ferté;12.0;10;10;0;égalité;5;5;0
389;J4;La Ferté;USDH;16.35;16;21;(15.0, 20.0];1;arrêt;abel GRENON;USDH;36.0;10;10;0;égalité;5;5;0
390;J4;La Ferté;USDH;17.016666666666666;17;1;(15.0, 20.0];1;tir;amaury LEMOINE;USDH;21.0;10;10;0;égalité;5;5;0
391;J4;La Ferté;USDH;17.066666666666666;17;4;(15.0, 20.0];1;arrêt;hugo GUEVELOU;La Ferté;14.0;10;10;0;égalité;5;5;0
392;J4;La Ferté;USDH;18.166666666666668;18;10;(15.0, 20.0];1;tir;theo RIGUET;La Ferté;3.0;10;10;0;égalité;5;6;-1
393;J4;La Ferté;USDH;18.216666666666665;18;13;(15.0, 20.0];1;arrêt;abel GRENON;USDH;36.0;10;10;0;égalité;6;6;0
394;J4;La Ferté;USDH;18.716666666666665;18;43;(15.0, 20.0];1;tir;alexandre COMMEYRAS;USDH;99.0;10;10;0;égalité;6;6;0
395;J4;La Ferté;USDH;19.083333333333332;19;5;(15.0, 20.0];1;tir;arnaud GAY;La Ferté;6.0;10;10;0;égalité;6;6;0
396;J4;La Ferté;USDH;19.4;19;24;(15.0, 20.0];1;but;amaury LEMOINE;USDH;21.0;11;10;1;USDH mène;6;6;0
397;J4;La Ferté;USDH;19.416666666666668;19;25;(15.0, 20.0];1;2min;victor GAUTHIER;La Ferté;15.0;11;10;1;USDH mène;6;5;1
398;J4;La Ferté;USDH;20.716666666666665;20;43;(20.0, 25.0];1;but;amaury LEMOINE;USDH;21.0;12;10;2;USDH mène;6;5;1
399;J4;La Ferté;USDH;21.333333333333332;21;20;(20.0, 25.0];1;tir;arnaud GAY;La Ferté;6.0;12;10;2;USDH mène;6;5;1
400;J4;La Ferté;USDH;21.366666666666667;21;22;(20.0, 25.0];1;arrêt;abel GRENON;USDH;36.0;12;10;2;USDH mène;6;5;1
401;J4;La Ferté;USDH;21.716666666666665;21;43;(20.0, 25.0];1;tir;luc BOUVET;La Ferté;8.0;12;10;2;USDH mène;6;6;0
402;J4;La Ferté;USDH;21.75;21;45;(20.0, 25.0];1;arrêt;abel GRENON;USDH;36.0;12;10;2;USDH mène;6;6;0
403;J4;La Ferté;USDH;22.316666666666666;22;19;(20.0, 25.0];1;but;sebastien MADEC;USDH;13.0;13;10;3;USDH mène;6;6;0
404;J4;La Ferté;USDH;22.383333333333333;22;23;(20.0, 25.0];1;temps mort d'équipe recevant; ;La Ferté;;13;10;3;USDH mène;6;6;0
405;J4;La Ferté;USDH;24.316666666666666;24;19;(20.0, 25.0];1;but;arnaud GAY;La Ferté;6.0;13;11;2;USDH mène;6;6;0
406;J4;La Ferté;USDH;24.4;24;24;(20.0, 25.0];1;2min;brice HANEN;USDH;9.0;13;11;2;USDH mène;5;6;-1
407;J4;La Ferté;USDH;25.133333333333333;25;8;(25.0, 30.0];1;but;luc BOUVET;La Ferté;8.0;13;12;1;USDH mène;5;6;-1
408;J4;La Ferté;USDH;25.816666666666666;25;49;(25.0, 30.0];1;2min;kevin MANCEAU;USDH;7.0;13;12;1;USDH mène;4;6;-2
409;J4;La Ferté;USDH;25.833333333333332;25;50;(25.0, 30.0];1;tir;victor GAUTHIER;La Ferté;15.0;13;12;1;USDH mène;4;6;-2
410;J4;La Ferté;USDH;25.85;25;51;(25.0, 30.0];1;arrêt;abel GRENON;USDH;36.0;13;12;1;USDH mène;4;6;-2
411;J4;La Ferté;USDH;26.766666666666666;26;46;(25.0, 30.0];1;tir;remi GUILLON;USDH;93.0;13;12;1;USDH mène;5;6;-1
412;J4;La Ferté;USDH;26.816666666666666;26;49;(25.0, 30.0];1;arrêt;hugo GUEVELOU;La Ferté;14.0;13;12;1;USDH mène;5;6;-1
413;J4;La Ferté;USDH;26.966666666666665;26;58;(25.0, 30.0];1;but;adrien GAUTHIER;La Ferté;7.0;13;13;0;égalité;5;6;-1
414;J4;La Ferté;USDH;27.55;27;33;(25.0, 30.0];1;tir;vivien HENNETIER;USDH;33.0;13;13;0;égalité;5;6;-1
415;J4;La Ferté;USDH;27.633333333333333;27;38;(25.0, 30.0];1;tir;hugo GUEVELOU;La Ferté;14.0;13;13;0;égalité;5;6;-1
416;J4;La Ferté;USDH;27.7;27;42;(25.0, 30.0];1;tir;adrien GAUTHIER;La Ferté;7.0;13;13;0;égalité;5;6;-1
417;J4;La Ferté;USDH;27.733333333333334;27;44;(25.0, 30.0];1;arrêt;abel GRENON;USDH;36.0;13;13;0;égalité;5;6;-1
418;J4;La Ferté;USDH;27.766666666666666;27;46;(25.0, 30.0];1;but;marius ALIX;La Ferté;10.0;13;14;-1;adversaire mène;5;6;-1
419;J4;La Ferté;USDH;28.4;28;24;(25.0, 30.0];1;tir;simon PELISSON;USDH;27.0;13;14;-1;adversaire mène;6;6;0
420;J4;La Ferté;USDH;28.6;28;36;(25.0, 30.0];1;2min;marius ALIX;La Ferté;10.0;13;14;-1;adversaire mène;6;5;1
421;J4;La Ferté;USDH;28.933333333333334;28;56;(25.0, 30.0];1;tir;alexandre COMMEYRAS;USDH;99.0;13;14;-1;adversaire mène;6;5;1
422;J4;La Ferté;USDH;29.366666666666667;29;22;(25.0, 30.0];1;but;benoit CROISEAU;La Ferté;9.0;13;15;-2;adversaire mène;6;5;1
423;J4;La Ferté;USDH;29.683333333333334;29;41;(25.0, 30.0];1;but;alexandre COMMEYRAS;USDH;99.0;14;15;-1;adversaire mène;6;5;1
424;J4;La Ferté;USDH;29.983333333333334;29;59;(25.0, 30.0];1;2min;sebastien MADEC;USDH;13.0;14;15;-1;adversaire mène;5;5;0
425;J4;La Ferté;USDH;30.666666666666668;30;40;(30.0, 35.0];2;but;simon PELISSON;USDH;27.0;15;15;0;égalité;5;6;-1
426;J4;La Ferté;USDH;31.1;31;6;(30.0, 35.0];2;but;adrien GAUTHIER;La Ferté;7.0;15;16;-1;adversaire mène;5;6;-1
427;J4;La Ferté;USDH;31.816666666666666;31;49;(30.0, 35.0];2;but;marius ALIX;La Ferté;10.0;15;17;-2;adversaire mène;5;6;-1
428;J4;La Ferté;USDH;32.6;32;36;(30.0, 35.0];2;but;etienne BRETEAU;La Ferté;19.0;15;18;-3;adversaire mène;6;6;0
429;J4;La Ferté;USDH;33.416666666666664;33;25;(30.0, 35.0];2;but;adrien GAUTHIER;La Ferté;7.0;15;19;-4;adversaire mène;6;6;0
430;J4;La Ferté;USDH;33.6;33;36;(30.0, 35.0];2;tir;remi GUILLON;USDH;93.0;15;19;-4;adversaire mène;6;6;0
431;J4;La Ferté;USDH;33.65;33;39;(30.0, 35.0];2;arrêt;nathan ROTTIER;La Ferté;1.0;15;19;-4;adversaire mène;6;6;0
432;J4;La Ferté;USDH;34.05;34;3;(30.0, 35.0];2;but;marius ALIX;La Ferté;10.0;15;20;-5;adversaire mène;6;6;0
433;J4;La Ferté;USDH;34.483333333333334;34;29;(30.0, 35.0];2;but;vivien HENNETIER;USDH;33.0;16;20;-4;adversaire mène;6;6;0
434;J4;La Ferté;USDH;34.96666666666667;34;58;(30.0, 35.0];2;tir;marius ALIX;La Ferté;10.0;16;20;-4;adversaire mène;6;6;0
435;J4;La Ferté;USDH;35.06666666666667;35;4;(35.0, 40.0];2;arrêt;timothee CASTEL;USDH;1.0;16;20;-4;adversaire mène;6;6;0
436;J4;La Ferté;USDH;35.233333333333334;35;14;(35.0, 40.0];2;but;sebastien MADEC;USDH;13.0;17;20;-3;adversaire mène;6;6;0
437;J4;La Ferté;USDH;35.733333333333334;35;44;(35.0, 40.0];2;but;kevin MANCEAU;USDH;7.0;18;20;-2;adversaire mène;6;6;0
438;J4;La Ferté;USDH;36.416666666666664;36;25;(35.0, 40.0];2;but;victor GAUTHIER;La Ferté;15.0;18;21;-3;adversaire mène;6;6;0
439;J4;La Ferté;USDH;36.68333333333333;36;41;(35.0, 40.0];2;tir;alexandre COMMEYRAS;USDH;99.0;18;21;-3;adversaire mène;6;6;0
440;J4;La Ferté;USDH;37.1;37;6;(35.0, 40.0];2;tir;simon PELISSON;USDH;27.0;18;21;-3;adversaire mène;6;6;0
441;J4;La Ferté;USDH;37.15;37;9;(35.0, 40.0];2;arrêt;nathan ROTTIER;La Ferté;1.0;18;21;-3;adversaire mène;6;6;0
442;J4;La Ferté;USDH;37.35;37;21;(35.0, 40.0];2;tir;kevin MANCEAU;USDH;7.0;18;21;-3;adversaire mène;6;6;0
443;J4;La Ferté;USDH;37.38333333333333;37;23;(35.0, 40.0];2;arrêt;nathan ROTTIER;La Ferté;1.0;18;21;-3;adversaire mène;6;6;0
444;J4;La Ferté;USDH;37.766666666666666;37;46;(35.0, 40.0];2;tir;simon PELISSON;USDH;27.0;18;21;-3;adversaire mène;6;6;0
445;J4;La Ferté;USDH;37.833333333333336;37;50;(35.0, 40.0];2;arrêt;nathan ROTTIER;La Ferté;1.0;18;21;-3;adversaire mène;6;6;0
446;J4;La Ferté;USDH;37.916666666666664;37;55;(35.0, 40.0];2;but;benoit CROISEAU;La Ferté;9.0;18;22;-4;adversaire mène;6;6;0
447;J4;La Ferté;USDH;38.53333333333333;38;32;(35.0, 40.0];2;tir;kevin MANCEAU;USDH;7.0;18;22;-4;adversaire mène;6;6;0
448;J4;La Ferté;USDH;38.6;38;36;(35.0, 40.0];2;arrêt;nathan ROTTIER;La Ferté;1.0;18;22;-4;adversaire mène;6;6;0
449;J4;La Ferté;USDH;38.666666666666664;38;40;(35.0, 40.0];2;but;vivien HENNETIER;USDH;33.0;19;22;-3;adversaire mène;6;6;0
450;J4;La Ferté;USDH;39.1;39;6;(35.0, 40.0];2;but;marius ALIX;La Ferté;10.0;19;23;-4;adversaire mène;6;6;0
451;J4;La Ferté;USDH;39.55;39;33;(35.0, 40.0];2;tir;marius ALIX;La Ferté;10.0;19;23;-4;adversaire mène;6;6;0
452;J4;La Ferté;USDH;40.15;40;9;(40.0, 45.0];2;but;adrien GAUTHIER;La Ferté;7.0;19;24;-5;adversaire mène;6;6;0
453;J4;La Ferté;USDH;40.166666666666664;40;10;(40.0, 45.0];2;temps mort d'équipe visiteur; ;USDH;;19;24;-5;adversaire mène;6;6;0
454;J4;La Ferté;USDH;41.21666666666667;41;13;(40.0, 45.0];2;but;kevin MANCEAU;USDH;7.0;20;24;-4;adversaire mène;6;6;0
455;J4;La Ferté;USDH;41.36666666666667;41;22;(40.0, 45.0];2;tir;benoit CROISEAU;La Ferté;9.0;20;24;-4;adversaire mène;6;6;0
456;J4;La Ferté;USDH;41.75;41;45;(40.0, 45.0];2;2min;benoit CROISEAU;La Ferté;9.0;20;24;-4;adversaire mène;6;5;1
457;J4;La Ferté;USDH;41.86666666666667;41;52;(40.0, 45.0];2;but 7m;vivien HENNETIER;USDH;33.0;21;24;-3;adversaire mène;6;5;1
458;J4;La Ferté;USDH;42.36666666666667;42;22;(40.0, 45.0];2;but;marius ALIX;La Ferté;10.0;21;25;-4;adversaire mène;6;5;1
459;J4;La Ferté;USDH;42.833333333333336;42;50;(40.0, 45.0];2;tir;amaury LEMOINE;USDH;21.0;21;25;-4;adversaire mène;6;5;1
460;J4;La Ferté;USDH;42.88333333333333;42;53;(40.0, 45.0];2;arrêt;nathan ROTTIER;La Ferté;1.0;21;25;-4;adversaire mène;6;5;1
461;J4;La Ferté;USDH;43.55;43;33;(40.0, 45.0];2;tir;adrien GAUTHIER;La Ferté;7.0;21;25;-4;adversaire mène;6;5;1
462;J4;La Ferté;USDH;43.63333333333333;43;38;(40.0, 45.0];2;arrêt;timothee CASTEL;USDH;1.0;21;25;-4;adversaire mène;6;5;1
463;J4;La Ferté;USDH;43.85;43;51;(40.0, 45.0];2;but;alexandre COMMEYRAS;USDH;99.0;22;25;-3;adversaire mène;6;6;0
464;J4;La Ferté;USDH;44.45;44;27;(40.0, 45.0];2;tir;marius ALIX;La Ferté;10.0;22;25;-3;adversaire mène;6;6;0
465;J4;La Ferté;USDH;44.483333333333334;44;29;(40.0, 45.0];2;arrêt;timothee CASTEL;USDH;1.0;22;25;-3;adversaire mène;6;6;0
466;J4;La Ferté;USDH;44.53333333333333;44;32;(40.0, 45.0];2;2min;kevin MANCEAU;USDH;7.0;22;25;-3;adversaire mène;5;6;-1
467;J4;La Ferté;USDH;45.583333333333336;45;35;(45.0, 50.0];2;tir;amaury LEMOINE;USDH;21.0;22;25;-3;adversaire mène;5;6;-1
468;J4;La Ferté;USDH;45.61666666666667;45;37;(45.0, 50.0];2;arrêt;nathan ROTTIER;La Ferté;1.0;22;25;-3;adversaire mène;5;6;-1
469;J4;La Ferté;USDH;45.68333333333333;45;41;(45.0, 50.0];2;but;adrien GAUTHIER;La Ferté;7.0;22;26;-4;adversaire mène;5;6;-1
470;J4;La Ferté;USDH;46.18333333333333;46;11;(45.0, 50.0];2;but;francois CHAUDUN;La Ferté;4.0;22;27;-5;adversaire mène;5;6;-1
471;J4;La Ferté;USDH;46.6;46;36;(45.0, 50.0];2;but;remi GUILLON;USDH;93.0;23;27;-4;adversaire mène;6;6;0
472;J4;La Ferté;USDH;47.2;47;12;(45.0, 50.0];2;but;kevin MANCEAU;USDH;7.0;24;27;-3;adversaire mène;6;6;0
473;J4;La Ferté;USDH;47.35;47;21;(45.0, 50.0];2;but;benoit CROISEAU;La Ferté;9.0;24;28;-4;adversaire mène;6;6;0
474;J4;La Ferté;USDH;47.8;47;48;(45.0, 50.0];2;but;adrien GAUTHIER;La Ferté;7.0;24;29;-5;adversaire mène;6;6;0
475;J4;La Ferté;USDH;47.88333333333333;47;53;(45.0, 50.0];2;tir;remi GUILLON;USDH;93.0;24;29;-5;adversaire mène;6;6;0
476;J4;La Ferté;USDH;47.93333333333333;47;56;(45.0, 50.0];2;arrêt;nathan ROTTIER;La Ferté;1.0;24;29;-5;adversaire mène;6;6;0
477;J4;La Ferté;USDH;48.233333333333334;48;14;(45.0, 50.0];2;but;kevin MANCEAU;USDH;7.0;25;29;-4;adversaire mène;6;6;0
478;J4;La Ferté;USDH;48.333333333333336;48;20;(45.0, 50.0];2;but;marius ALIX;La Ferté;10.0;25;30;-5;adversaire mène;6;6;0
479;J4;La Ferté;USDH;48.36666666666667;48;22;(45.0, 50.0];2;temps mort d'équipe visiteur; ;USDH;;25;30;-5;adversaire mène;6;6;0
480;J4;La Ferté;USDH;48.75;48;45;(45.0, 50.0];2;but;remi GUILLON;USDH;93.0;26;30;-4;adversaire mène;6;6;0
481;J4;La Ferté;USDH;49.766666666666666;49;46;(45.0, 50.0];2;tir;simon PELISSON;USDH;27.0;26;30;-4;adversaire mène;6;6;0
482;J4;La Ferté;USDH;49.8;49;48;(45.0, 50.0];2;arrêt;nathan ROTTIER;La Ferté;1.0;26;30;-4;adversaire mène;6;6;0
483;J4;La Ferté;USDH;49.86666666666667;49;52;(45.0, 50.0];2;but;marius ALIX;La Ferté;10.0;26;31;-5;adversaire mène;6;6;0
484;J4;La Ferté;USDH;49.88333333333333;49;53;(45.0, 50.0];2;2min;amaury LEMOINE;USDH;21.0;26;31;-5;adversaire mène;5;6;-1
485;J4;La Ferté;USDH;50.05;50;3;(50.0, 55.0];2;tir;kevin MANCEAU;USDH;7.0;26;31;-5;adversaire mène;5;6;-1
486;J4;La Ferté;USDH;50.55;50;33;(50.0, 55.0];2;but;adrien GAUTHIER;La Ferté;7.0;26;32;-6;adversaire mène;5;6;-1
487;J4;La Ferté;USDH;51.28333333333333;51;17;(50.0, 55.0];2;tir;vivien HENNETIER;USDH;33.0;26;32;-6;adversaire mène;5;6;-1
488;J4;La Ferté;USDH;51.71666666666667;51;43;(50.0, 55.0];2;but;marius ALIX;La Ferté;10.0;26;33;-7;adversaire mène;5;6;-1
489;J4;La Ferté;USDH;52.13333333333333;52;8;(50.0, 55.0];2;tir;kevin MANCEAU;USDH;7.0;26;33;-7;adversaire mène;6;6;0
490;J4;La Ferté;USDH;52.18333333333333;52;11;(50.0, 55.0];2;arrêt;nathan ROTTIER;La Ferté;1.0;26;33;-7;adversaire mène;6;6;0
491;J4;La Ferté;USDH;52.266666666666666;52;16;(50.0, 55.0];2;but;victor GAUTHIER;La Ferté;15.0;26;34;-8;adversaire mène;6;6;0
492;J4;La Ferté;USDH;52.766666666666666;52;46;(50.0, 55.0];2;but;alexandre COMMEYRAS;USDH;99.0;27;34;-7;adversaire mène;6;6;0
493;J4;La Ferté;USDH;52.86666666666667;52;52;(50.0, 55.0];2;but;adrien GAUTHIER;La Ferté;7.0;27;35;-8;adversaire mène;6;6;0
494;J4;La Ferté;USDH;53.31666666666667;53;19;(50.0, 55.0];2;but;alexandre COMMEYRAS;USDH;99.0;28;35;-7;adversaire mène;6;6;0
495;J4;La Ferté;USDH;54.45;54;27;(50.0, 55.0];2;but 7m;etienne BRETEAU;La Ferté;19.0;28;36;-8;adversaire mène;6;6;0
496;J4;La Ferté;USDH;54.766666666666666;54;46;(50.0, 55.0];2;tir;alexandre COMMEYRAS;USDH;99.0;28;36;-8;adversaire mène;6;6;0
497;J4;La Ferté;USDH;54.8;54;48;(50.0, 55.0];2;arrêt;nathan ROTTIER;La Ferté;1.0;28;36;-8;adversaire mène;6;6;0
498;J4;La Ferté;USDH;54.916666666666664;54;55;(50.0, 55.0];2;tir;marius ALIX;La Ferté;10.0;28;36;-8;adversaire mène;6;6;0
499;J4;La Ferté;USDH;54.95;54;57;(50.0, 55.0];2;arrêt;timothee CASTEL;USDH;1.0;28;36;-8;adversaire mène;6;6;0
500;J4;La Ferté;USDH;55.266666666666666;55;16;(55.0, 60.0];2;but;francois CHAUDUN;La Ferté;4.0;28;37;-9;adversaire mène;6;6;0
501;J4;La Ferté;USDH;55.88333333333333;55;53;(55.0, 60.0];2;tir;amaury LEMOINE;USDH;21.0;28;37;-9;adversaire mène;6;6;0
502;J4;La Ferté;USDH;55.916666666666664;55;55;(55.0, 60.0];2;arrêt;nathan ROTTIER;La Ferté;1.0;28;37;-9;adversaire mène;6;6;0
503;J4;La Ferté;USDH;56.05;56;3;(55.0, 60.0];2;but;kevin MANCEAU;USDH;7.0;29;37;-8;adversaire mène;6;6;0
504;J4;La Ferté;USDH;56.25;56;15;(55.0, 60.0];2;but;luc BOUVET;La Ferté;8.0;29;38;-9;adversaire mène;6;6;0
505;J4;La Ferté;USDH;56.28333333333333;56;17;(55.0, 60.0];2;2min;kevin MANCEAU;USDH;7.0;29;38;-9;adversaire mène;5;6;-1
506;J4;La Ferté;USDH;56.333333333333336;56;20;(55.0, 60.0];2;but 7m;etienne BRETEAU;La Ferté;19.0;29;39;-10;adversaire mène;5;6;-1
507;J4;La Ferté;USDH;56.8;56;48;(55.0, 60.0];2;but;remi GUILLON;USDH;93.0;30;39;-9;adversaire mène;5;6;-1
508;J4;La Ferté;USDH;57.18333333333333;57;11;(55.0, 60.0];2;but;arnaud GAY;La Ferté;6.0;30;40;-10;adversaire mène;5;6;-1
509;J4;La Ferté;USDH;57.95;57;57;(55.0, 60.0];2;but 7m;vivien HENNETIER;USDH;33.0;31;40;-9;adversaire mène;5;6;-1
510;J4;La Ferté;USDH;58.25;58;15;(55.0, 60.0];2;tir;adrien GAUTHIER;La Ferté;7.0;31;40;-9;adversaire mène;5;6;-1
511;J4;La Ferté;USDH;58.28333333333333;58;17;(55.0, 60.0];2;arrêt;timothee CASTEL;USDH;1.0;31;40;-9;adversaire mène;5;6;-1
512;J4;La Ferté;USDH;58.4;58;24;(55.0, 60.0];2;temps mort d'équipe recevant; ;La Ferté;;31;40;-9;adversaire mène;6;6;0
513;J4;La Ferté;USDH;58.416666666666664;58;25;(55.0, 60.0];2;but;amaury LEMOINE;USDH;21.0;32;40;-8;adversaire mène;6;6;0
514;J4;La Ferté;USDH;58.93333333333333;58;56;(55.0, 60.0];2;but;victor GAUTHIER;La Ferté;15.0;32;41;-9;adversaire mène;6;6;0
515;J4;La Ferté;USDH;59.4;59;24;(55.0, 60.0];2;but;brice HANEN;USDH;9.0;33;41;-8;adversaire mène;6;6;0
516;J4;La Ferté;USDH;60.0;60;0;(55.0, 60.0];2;but;remy MONTHULE;La Ferté;12.0;33;42;-9;adversaire mène;6;6;0
517;J5;USDH;St Berthevin;0.0;0;0;(-0.001, 5.0];1; ; ; ;;0;0;0;égalité;6;6;0
518;J5;USDH;St Berthevin;0.6;0;36;(-0.001, 5.0];1;but;dorian LOURDAIS;St Berthevin;5.0;0;1;-1;adversaire mène;6;6;0
519;J5;USDH;St Berthevin;2.1166666666666667;2;7;(-0.001, 5.0];1;but;lenny VIEL;St Berthevin;19.0;0;2;-2;adversaire mène;6;6;0
520;J5;USDH;St Berthevin;3.2666666666666666;3;16;(-0.001, 5.0];1;but;dorian LOURDAIS;St Berthevin;5.0;0;3;-3;adversaire mène;6;6;0
521;J5;USDH;St Berthevin;3.6166666666666667;3;37;(-0.001, 5.0];1;avertissement;remy DESBOIS;St Berthevin;8.0;0;3;-3;adversaire mène;6;6;0
522;J5;USDH;St Berthevin;3.8833333333333333;3;53;(-0.001, 5.0];1;but;vivien HENNETIER;USDH;33.0;1;3;-2;adversaire mène;6;6;0
523;J5;USDH;St Berthevin;4.516666666666667;4;31;(-0.001, 5.0];1;but;dorian LOURDAIS;St Berthevin;5.0;1;4;-3;adversaire mène;6;6;0
524;J5;USDH;St Berthevin;6.45;6;27;(5.0, 10.0];1;but;romain LOURDAIS;St Berthevin;38.0;1;5;-4;adversaire mène;6;6;0
525;J5;USDH;St Berthevin;6.7;6;42;(5.0, 10.0];1;but;dorian LOURDAIS;St Berthevin;5.0;1;6;-5;adversaire mène;6;6;0
526;J5;USDH;St Berthevin;7.333333333333333;7;20;(5.0, 10.0];1;avertissement;romain TROUILLARD;St Berthevin;11.0;1;6;-5;adversaire mène;6;6;0
527;J5;USDH;St Berthevin;7.466666666666667;7;28;(5.0, 10.0];1;but;mathis MONTERREIN;USDH;40.0;2;6;-4;adversaire mène;6;6;0
528;J5;USDH;St Berthevin;8.233333333333333;8;14;(5.0, 10.0];1;but;romain LOURDAIS;St Berthevin;38.0;2;7;-5;adversaire mène;6;6;0
529;J5;USDH;St Berthevin;9.233333333333333;9;14;(5.0, 10.0];1;but;romain LOURDAIS;St Berthevin;38.0;2;8;-6;adversaire mène;6;6;0
530;J5;USDH;St Berthevin;9.683333333333334;9;41;(5.0, 10.0];1;but;geoffrey GUERMONT;St Berthevin;34.0;2;9;-7;adversaire mène;6;6;0
531;J5;USDH;St Berthevin;9.85;9;51;(5.0, 10.0];1;but;alexandre COMMEYRAS;USDH;99.0;3;9;-6;adversaire mène;6;6;0
532;J5;USDH;St Berthevin;10.716666666666667;10;43;(10.0, 15.0];1;but;remi GUILLON;USDH;93.0;4;9;-5;adversaire mène;6;6;0
533;J5;USDH;St Berthevin;12.683333333333334;12;41;(10.0, 15.0];1;but;vivien HENNETIER;USDH;33.0;5;9;-4;adversaire mène;6;6;0
534;J5;USDH;St Berthevin;13.733333333333333;13;44;(10.0, 15.0];1;but;dorian LOURDAIS;St Berthevin;5.0;5;10;-5;adversaire mène;6;6;0
535;J5;USDH;St Berthevin;14.65;14;39;(10.0, 15.0];1;but;charles BEAUGER;St Berthevin;47.0;5;11;-6;adversaire mène;6;6;0
536;J5;USDH;St Berthevin;14.7;14;42;(10.0, 15.0];1;temps mort d'équipe visiteur; ;St Berthevin;;5;11;-6;adversaire mène;6;6;0
537;J5;USDH;St Berthevin;15.166666666666666;15;10;(15.0, 20.0];1;but;alexandre COMMEYRAS;USDH;99.0;6;11;-5;adversaire mène;6;6;0
538;J5;USDH;St Berthevin;15.3;15;18;(15.0, 20.0];1;but;romain LOURDAIS;St Berthevin;38.0;6;12;-6;adversaire mène;6;6;0
539;J5;USDH;St Berthevin;16.85;16;51;(15.0, 20.0];1;but;romain LOURDAIS;St Berthevin;38.0;6;13;-7;adversaire mène;6;6;0
540;J5;USDH;St Berthevin;18.483333333333334;18;29;(15.0, 20.0];1;but;amaury LEMOINE;USDH;21.0;7;13;-6;adversaire mène;6;6;0
541;J5;USDH;St Berthevin;19.166666666666668;19;10;(15.0, 20.0];1;but;lenny VIEL;St Berthevin;19.0;7;14;-7;adversaire mène;6;6;0
542;J5;USDH;St Berthevin;19.883333333333333;19;53;(15.0, 20.0];1;2min;romain TROUILLARD;St Berthevin;11.0;7;14;-7;adversaire mène;6;5;1
543;J5;USDH;St Berthevin;20.283333333333335;20;17;(20.0, 25.0];1;but;vivien HENNETIER;USDH;33.0;8;14;-6;adversaire mène;6;5;1
544;J5;USDH;St Berthevin;21.566666666666666;21;34;(20.0, 25.0];1;but;remy DESBOIS;St Berthevin;8.0;8;15;-7;adversaire mène;6;5;1
545;J5;USDH;St Berthevin;22.116666666666667;22;7;(20.0, 25.0];1;but;kevin MANCEAU;USDH;7.0;9;15;-6;adversaire mène;6;6;0
546;J5;USDH;St Berthevin;22.633333333333333;22;38;(20.0, 25.0];1;but;geoffrey GUERMONT;St Berthevin;34.0;9;16;-7;adversaire mène;6;6;0
547;J5;USDH;St Berthevin;22.933333333333334;22;56;(20.0, 25.0];1;but;alexandre COMMEYRAS;USDH;99.0;10;16;-6;adversaire mène;6;6;0
548;J5;USDH;St Berthevin;22.95;22;57;(20.0, 25.0];1;2min;remy DESBOIS;St Berthevin;8.0;10;16;-6;adversaire mène;6;5;1
549;J5;USDH;St Berthevin;24.416666666666668;24;25;(20.0, 25.0];1;2min;brice HANEN;USDH;9.0;10;16;-6;adversaire mène;5;5;0
550;J5;USDH;St Berthevin;24.85;24;51;(20.0, 25.0];1;but;bastien DUPUY;St Berthevin;22.0;10;17;-7;adversaire mène;5;5;0
551;J5;USDH;St Berthevin;25.666666666666668;25;40;(25.0, 30.0];1;but;dorian LOURDAIS;St Berthevin;5.0;10;18;-8;adversaire mène;5;6;-1
552;J5;USDH;St Berthevin;27.016666666666666;27;1;(25.0, 30.0];1;but;alexandre COMMEYRAS;USDH;99.0;11;18;-7;adversaire mène;6;6;0
553;J5;USDH;St Berthevin;27.583333333333332;27;35;(25.0, 30.0];1;but;remy DESBOIS;St Berthevin;8.0;11;19;-8;adversaire mène;6;6;0
554;J5;USDH;St Berthevin;28.583333333333332;28;35;(25.0, 30.0];1;but;kevin MANCEAU;USDH;7.0;12;19;-7;adversaire mène;6;6;0
555;J5;USDH;St Berthevin;29.766666666666666;29;46;(25.0, 30.0];1;temps mort d'équipe recevant; ;USDH;;12;19;-7;adversaire mène;6;6;0
556;J5;USDH;St Berthevin;32.016666666666666;32;1;(30.0, 35.0];2;but;romain LOURDAIS;St Berthevin;38.0;12;20;-8;adversaire mène;6;6;0
557;J5;USDH;St Berthevin;32.833333333333336;32;50;(30.0, 35.0];2;but;geoffrey GUERMONT;St Berthevin;34.0;12;21;-9;adversaire mène;6;6;0
558;J5;USDH;St Berthevin;33.583333333333336;33;35;(30.0, 35.0];2;but;remi GUILLON;USDH;93.0;13;21;-8;adversaire mène;6;6;0
559;J5;USDH;St Berthevin;36.083333333333336;36;5;(35.0, 40.0];2;but;romain LOURDAIS;St Berthevin;38.0;13;22;-9;adversaire mène;6;6;0
560;J5;USDH;St Berthevin;37.766666666666666;37;46;(35.0, 40.0];2;but;romain LOURDAIS;St Berthevin;38.0;13;23;-10;adversaire mène;6;6;0
561;J5;USDH;St Berthevin;38.416666666666664;38;25;(35.0, 40.0];2;but;kevin MANCEAU;USDH;7.0;14;23;-9;adversaire mène;6;6;0
562;J5;USDH;St Berthevin;38.81666666666667;38;49;(35.0, 40.0];2;but;geoffrey GUERMONT;St Berthevin;34.0;14;24;-10;adversaire mène;6;6;0
563;J5;USDH;St Berthevin;39.06666666666667;39;4;(35.0, 40.0];2;temps mort d'équipe recevant; ;USDH;;14;24;-10;adversaire mène;6;6;0
564;J5;USDH;St Berthevin;39.85;39;51;(35.0, 40.0];2;2min;romain TROUILLARD;St Berthevin;11.0;14;24;-10;adversaire mène;6;5;1
565;J5;USDH;St Berthevin;39.93333333333333;39;56;(35.0, 40.0];2;but;vivien HENNETIER;USDH;33.0;15;24;-9;adversaire mène;6;5;1
566;J5;USDH;St Berthevin;42.483333333333334;42;29;(40.0, 45.0];2;but;dorian LOURDAIS;St Berthevin;5.0;15;25;-10;adversaire mène;6;6;0
567;J5;USDH;St Berthevin;43.083333333333336;43;5;(40.0, 45.0];2;2min;geoffrey GUERMONT;St Berthevin;34.0;15;25;-10;adversaire mène;6;5;1
568;J5;USDH;St Berthevin;43.15;43;9;(40.0, 45.0];2;but;vivien HENNETIER;USDH;33.0;16;25;-9;adversaire mène;6;5;1
569;J5;USDH;St Berthevin;43.166666666666664;43;10;(40.0, 45.0];2;but;dorian LOURDAIS;St Berthevin;5.0;16;26;-10;adversaire mène;6;5;1
570;J5;USDH;St Berthevin;43.18333333333333;43;11;(40.0, 45.0];2;but;alexandre COMMEYRAS;USDH;99.0;17;26;-9;adversaire mène;6;5;1
571;J5;USDH;St Berthevin;45.3;45;18;(45.0, 50.0];2;but;lenny VIEL;St Berthevin;19.0;17;27;-10;adversaire mène;6;6;0
572;J5;USDH;St Berthevin;47.45;47;27;(45.0, 50.0];2;but;alexandre COMMEYRAS;USDH;99.0;18;27;-9;adversaire mène;6;6;0
573;J5;USDH;St Berthevin;48.86666666666667;48;52;(45.0, 50.0];2;but;romain TROUILLARD;St Berthevin;11.0;18;28;-10;adversaire mène;6;6;0
574;J5;USDH;St Berthevin;50.916666666666664;50;55;(50.0, 55.0];2;but;lenny VIEL;St Berthevin;19.0;18;29;-11;adversaire mène;6;6;0
575;J5;USDH;St Berthevin;51.916666666666664;51;55;(50.0, 55.0];2;but;mathis MONTERREIN;USDH;40.0;19;29;-10;adversaire mène;6;6;0
576;J5;USDH;St Berthevin;52.1;52;6;(50.0, 55.0];2;temps mort d'équipe visiteur; ;St Berthevin;;19;29;-10;adversaire mène;6;6;0
577;J5;USDH;St Berthevin;53.05;53;3;(50.0, 55.0];2;but;charles BEAUGER;St Berthevin;47.0;19;30;-11;adversaire mène;6;6;0
578;J5;USDH;St Berthevin;53.233333333333334;53;14;(50.0, 55.0];2;but;alexandre COMMEYRAS;USDH;99.0;20;30;-10;adversaire mène;6;6;0
579;J5;USDH;St Berthevin;53.733333333333334;53;44;(50.0, 55.0];2;but;brice HANEN;USDH;9.0;21;30;-9;adversaire mène;6;6;0
580;J5;USDH;St Berthevin;54.68333333333333;54;41;(50.0, 55.0];2;but;brice HANEN;USDH;9.0;22;30;-8;adversaire mène;6;6;0
581;J5;USDH;St Berthevin;57.18333333333333;57;11;(55.0, 60.0];2;but;alexandre COMMEYRAS;USDH;99.0;23;30;-7;adversaire mène;6;6;0
582;J5;USDH;St Berthevin;57.3;57;18;(55.0, 60.0];2;temps mort d'équipe visiteur; ;St Berthevin;;23;30;-7;adversaire mène;6;6;0
583;J5;USDH;St Berthevin;58.13333333333333;58;8;(55.0, 60.0];2;but;mathis MONTERREIN;USDH;40.0;24;30;-6;adversaire mène;6;6;0
584;J5;USDH;St Berthevin;58.483333333333334;58;29;(55.0, 60.0];2;2min;mathis MONTERREIN;USDH;40.0;24;30;-6;adversaire mène;5;6;-1
585;J5;USDH;St Berthevin;60.0;60;0;(55.0, 60.0];2;but;charles BEAUGER;St Berthevin;47.0;24;31;-7;adversaire mène;5;6;-1
586;J6;USDH;Pouzauges;0.0;0;0;(-0.001, 5.0];1; ; ; ;;0;0;0;égalité;6;6;0
587;J6;USDH;Pouzauges;0.75;0;45;(-0.001, 5.0];1;but;nathan BILLAUD;Pouzauges;30.0;0;1;-1;adversaire mène;6;6;0
588;J6;USDH;Pouzauges;1.5;1;30;(-0.001, 5.0];1;but;antoine PEAUD;Pouzauges;18.0;0;2;-2;adversaire mène;6;6;0
589;J6;USDH;Pouzauges;2.066666666666667;2;4;(-0.001, 5.0];1;but;simon PELISSON;USDH;27.0;1;2;-1;adversaire mène;6;6;0
590;J6;USDH;Pouzauges;2.8333333333333335;2;50;(-0.001, 5.0];1;avertissement;vivien HENNETIER;USDH;33.0;1;2;-1;adversaire mène;6;6;0
591;J6;USDH;Pouzauges;3.4333333333333336;3;26;(-0.001, 5.0];1;avertissement;mathis MONTERREIN;USDH;40.0;1;2;-1;adversaire mène;6;6;0
592;J6;USDH;Pouzauges;3.9166666666666665;3;55;(-0.001, 5.0];1;but;theo LANDRY;Pouzauges;2.0;1;3;-2;adversaire mène;6;6;0
593;J6;USDH;Pouzauges;4.133333333333334;4;8;(-0.001, 5.0];1;but;sebastien MADEC;USDH;13.0;2;3;-1;adversaire mène;6;6;0
594;J6;USDH;Pouzauges;4.8;4;48;(-0.001, 5.0];1;but;sebastien MADEC;USDH;13.0;3;3;0;égalité;6;6;0
595;J6;USDH;Pouzauges;5.25;5;15;(5.0, 10.0];1;but;hugo RICHARD;Pouzauges;24.0;3;4;-1;adversaire mène;6;6;0
596;J6;USDH;Pouzauges;5.95;5;57;(5.0, 10.0];1;avertissement;aymeric MORAND;Pouzauges;6.0;3;4;-1;adversaire mène;6;6;0
597;J6;USDH;Pouzauges;6.266666666666667;6;16;(5.0, 10.0];1;but;vivien HENNETIER;USDH;33.0;4;4;0;égalité;6;6;0
598;J6;USDH;Pouzauges;8.0;8;0;(5.0, 10.0];1;2min;kevin MANCEAU;USDH;7.0;4;4;0;égalité;5;6;-1
599;J6;USDH;Pouzauges;8.183333333333334;8;11;(5.0, 10.0];1;but;hugo RICHARD;Pouzauges;24.0;4;5;-1;adversaire mène;5;6;-1
600;J6;USDH;Pouzauges;9.683333333333334;9;41;(5.0, 10.0];1;but;theo LANDRY;Pouzauges;2.0;4;6;-2;adversaire mène;5;6;-1
601;J6;USDH;Pouzauges;10.666666666666666;10;40;(10.0, 15.0];1;but;nathan BILLAUD;Pouzauges;30.0;4;7;-3;adversaire mène;6;6;0
602;J6;USDH;Pouzauges;11.433333333333334;11;26;(10.0, 15.0];1;but;sebastien MADEC;USDH;13.0;5;7;-2;adversaire mène;6;6;0
603;J6;USDH;Pouzauges;12.033333333333333;12;2;(10.0, 15.0];1;but;antoine PEAUD;Pouzauges;18.0;5;8;-3;adversaire mène;6;6;0
604;J6;USDH;Pouzauges;12.9;12;54;(10.0, 15.0];1;but;hugo RICHARD;Pouzauges;24.0;5;9;-4;adversaire mène;6;6;0
605;J6;USDH;Pouzauges;14.566666666666666;14;34;(10.0, 15.0];1;but;hugo RICHARD;Pouzauges;24.0;5;10;-5;adversaire mène;6;6;0
606;J6;USDH;Pouzauges;14.766666666666667;14;46;(10.0, 15.0];1;but;nathan BILLAUD;Pouzauges;30.0;5;11;-6;adversaire mène;6;6;0
607;J6;USDH;Pouzauges;14.816666666666666;14;49;(10.0, 15.0];1;temps mort d'équipe recevant; ;USDH;;5;11;-6;adversaire mène;6;6;0
608;J6;USDH;Pouzauges;15.283333333333333;15;17;(15.0, 20.0];1;avertissement;thibaud HUVELIN;Pouzauges;20.0;5;11;-6;adversaire mène;6;6;0
609;J6;USDH;Pouzauges;15.85;15;51;(15.0, 20.0];1;avertissement;davy GELOT;Pouzauges;8.0;5;11;-6;adversaire mène;6;6;0
610;J6;USDH;Pouzauges;16.25;16;15;(15.0, 20.0];1;but;vivien HENNETIER;USDH;33.0;6;11;-5;adversaire mène;6;6;0
611;J6;USDH;Pouzauges;16.783333333333335;16;47;(15.0, 20.0];1;but;hugo RICHARD;Pouzauges;24.0;6;12;-6;adversaire mène;6;6;0
612;J6;USDH;Pouzauges;18.5;18;30;(15.0, 20.0];1;but;hugo RICHARD;Pouzauges;24.0;6;13;-7;adversaire mène;6;6;0
613;J6;USDH;Pouzauges;19.366666666666667;19;22;(15.0, 20.0];1;2min;nathan BILLAUD;Pouzauges;30.0;6;13;-7;adversaire mène;6;5;1
614;J6;USDH;Pouzauges;19.7;19;42;(15.0, 20.0];1;but;vivien HENNETIER;USDH;33.0;7;13;-6;adversaire mène;6;5;1
615;J6;USDH;Pouzauges;20.816666666666666;20;49;(20.0, 25.0];1;but;sebastien BOITEAU;Pouzauges;19.0;7;14;-7;adversaire mène;6;5;1
616;J6;USDH;Pouzauges;22.416666666666668;22;25;(20.0, 25.0];1;2min;amaury LEMOINE;USDH;21.0;7;14;-7;adversaire mène;5;6;-1
617;J6;USDH;Pouzauges;22.666666666666668;22;40;(20.0, 25.0];1;but;lucas HUMEAU;Pouzauges;9.0;7;15;-8;adversaire mène;5;6;-1
618;J6;USDH;Pouzauges;23.366666666666667;23;22;(20.0, 25.0];1;but;sebastien BOITEAU;Pouzauges;19.0;7;16;-9;adversaire mène;5;6;-1
619;J6;USDH;Pouzauges;23.9;23;54;(20.0, 25.0];1;but;sebastien MADEC;USDH;13.0;8;16;-8;adversaire mène;5;6;-1
621;J6;USDH;Pouzauges;24.133333333333333;24;8;(20.0, 25.0];1;but;antoine PEAUD;Pouzauges;18.0;8;17;-9;adversaire mène;5;6;-1
620;J6;USDH;Pouzauges;24.15;24;9;(20.0, 25.0];1;2min;adrien CATHELINE;USDH;18.0;8;16;-8;adversaire mène;4;6;-2
622;J6;USDH;Pouzauges;25.333333333333332;25;20;(25.0, 30.0];1;but;kevin MANCEAU;USDH;7.0;9;17;-8;adversaire mène;5;6;-1
623;J6;USDH;Pouzauges;25.95;25;57;(25.0, 30.0];1;but;hugo RICHARD;Pouzauges;24.0;9;18;-9;adversaire mène;5;6;-1
624;J6;USDH;Pouzauges;26.866666666666667;26;52;(25.0, 30.0];1;but;sebastien MADEC;USDH;13.0;10;18;-8;adversaire mène;6;6;0
625;J6;USDH;Pouzauges;28.05;28;3;(25.0, 30.0];1;but;davy GELOT;Pouzauges;8.0;10;19;-9;adversaire mène;6;6;0
626;J6;USDH;Pouzauges;28.45;28;27;(25.0, 30.0];1;2min;lucas HUMEAU;Pouzauges;9.0;10;19;-9;adversaire mène;6;5;1
627;J6;USDH;Pouzauges;29.666666666666668;29;40;(25.0, 30.0];1;but;sebastien MADEC;USDH;13.0;11;19;-8;adversaire mène;6;5;1
628;J6;USDH;Pouzauges;30.0;30;0;(25.0, 30.0];1;but;davy GELOT;Pouzauges;8.0;11;20;-9;adversaire mène;6;5;1
629;J6;USDH;Pouzauges;31.183333333333334;31;11;(30.0, 35.0];2;but;aymeric MARAIS;USDH;10.0;12;20;-8;adversaire mène;6;6;0
630;J6;USDH;Pouzauges;31.65;31;39;(30.0, 35.0];2;but;nathan BILLAUD;Pouzauges;30.0;12;21;-9;adversaire mène;6;6;0
631;J6;USDH;Pouzauges;32.983333333333334;32;59;(30.0, 35.0];2;but;remi GUILLON;USDH;93.0;13;21;-8;adversaire mène;6;6;0
632;J6;USDH;Pouzauges;33.8;33;48;(30.0, 35.0];2;but;hugo RICHARD;Pouzauges;24.0;13;22;-9;adversaire mène;6;6;0
633;J6;USDH;Pouzauges;34.28333333333333;34;17;(30.0, 35.0];2;but;kevin MANCEAU;USDH;7.0;14;22;-8;adversaire mène;6;6;0
634;J6;USDH;Pouzauges;35.0;35;0;(30.0, 35.0];2;but;hugo RICHARD;Pouzauges;24.0;14;23;-9;adversaire mène;6;6;0
635;J6;USDH;Pouzauges;36.05;36;3;(35.0, 40.0];2;but;hugo RICHARD;Pouzauges;24.0;14;24;-10;adversaire mène;6;6;0
636;J6;USDH;Pouzauges;36.78333333333333;36;47;(35.0, 40.0];2;but;aymeric MARAIS;USDH;10.0;15;24;-9;adversaire mène;6;6;0
637;J6;USDH;Pouzauges;37.06666666666667;37;4;(35.0, 40.0];2;but;lucas HUMEAU;Pouzauges;9.0;15;25;-10;adversaire mène;6;6;0
638;J6;USDH;Pouzauges;38.46666666666667;38;28;(35.0, 40.0];2;but;sebastien MADEC;USDH;13.0;16;25;-9;adversaire mène;6;6;0
639;J6;USDH;Pouzauges;38.983333333333334;38;59;(35.0, 40.0];2;but;hugo RICHARD;Pouzauges;24.0;16;26;-10;adversaire mène;6;6;0
640;J6;USDH;Pouzauges;39.766666666666666;39;46;(35.0, 40.0];2;but;sebastien MADEC;USDH;13.0;17;26;-9;adversaire mène;6;6;0
641;J6;USDH;Pouzauges;40.5;40;30;(40.0, 45.0];2;but;kevin MANCEAU;USDH;7.0;18;26;-8;adversaire mène;6;6;0
642;J6;USDH;Pouzauges;40.516666666666666;40;31;(40.0, 45.0];2;ProtocoleCommotion;theo LANDRY;Pouzauges;2.0;18;26;-8;adversaire mène;6;6;0
643;J6;USDH;Pouzauges;41.21666666666667;41;13;(40.0, 45.0];2;but;nathan BILLAUD;Pouzauges;30.0;18;27;-9;adversaire mène;6;6;0
644;J6;USDH;Pouzauges;41.96666666666667;41;58;(40.0, 45.0];2;but;vivien HENNETIER;USDH;33.0;19;27;-8;adversaire mène;6;6;0
645;J6;USDH;Pouzauges;43.05;43;3;(40.0, 45.0];2;but;nathan BILLAUD;Pouzauges;30.0;19;28;-9;adversaire mène;6;6;0
646;J6;USDH;Pouzauges;44.233333333333334;44;14;(40.0, 45.0];2;but;adrien CATHELINE;USDH;18.0;20;28;-8;adversaire mène;6;6;0
647;J6;USDH;Pouzauges;44.4;44;24;(40.0, 45.0];2;but;kevin MANCEAU;USDH;7.0;21;28;-7;adversaire mène;6;6;0
648;J6;USDH;Pouzauges;44.5;44;30;(40.0, 45.0];2;temps mort d'équipe visiteur; ;Pouzauges;;21;28;-7;adversaire mène;6;6;0
649;J6;USDH;Pouzauges;45.85;45;51;(45.0, 50.0];2;but;nathan BILLAUD;Pouzauges;30.0;21;29;-8;adversaire mène;6;6;0
650;J6;USDH;Pouzauges;46.05;46;3;(45.0, 50.0];2;but;kevin MANCEAU;USDH;7.0;22;29;-7;adversaire mène;6;6;0
651;J6;USDH;Pouzauges;46.56666666666667;46;34;(45.0, 50.0];2;but;nathan BILLAUD;Pouzauges;30.0;22;30;-8;adversaire mène;6;6;0
652;J6;USDH;Pouzauges;46.833333333333336;46;50;(45.0, 50.0];2;but;vivien HENNETIER;USDH;33.0;23;30;-7;adversaire mène;6;6;0
653;J6;USDH;Pouzauges;47.4;47;24;(45.0, 50.0];2;2min;adrien CATHELINE;USDH;18.0;23;30;-7;adversaire mène;5;6;-1
654;J6;USDH;Pouzauges;50.35;50;21;(50.0, 55.0];2;but;davy GELOT;Pouzauges;8.0;23;31;-8;adversaire mène;6;6;0
655;J6;USDH;Pouzauges;50.68333333333333;50;41;(50.0, 55.0];2;but;davy GELOT;Pouzauges;8.0;23;32;-9;adversaire mène;6;6;0
656;J6;USDH;Pouzauges;51.4;51;24;(50.0, 55.0];2;2min;thibaud HUVELIN;Pouzauges;20.0;23;32;-9;adversaire mène;6;5;1
657;J6;USDH;Pouzauges;52.266666666666666;52;16;(50.0, 55.0];2;but;kevin MANCEAU;USDH;7.0;24;32;-8;adversaire mène;6;5;1
658;J6;USDH;Pouzauges;53.53333333333333;53;32;(50.0, 55.0];2;temps mort d'équipe recevant; ;USDH;;24;32;-8;adversaire mène;6;6;0
659;J6;USDH;Pouzauges;54.233333333333334;54;14;(50.0, 55.0];2;but;alexandre COMMEYRAS;USDH;99.0;25;32;-7;adversaire mène;6;6;0
660;J6;USDH;Pouzauges;54.28333333333333;54;17;(50.0, 55.0];2;2min;antoine PEAUD;Pouzauges;18.0;25;32;-7;adversaire mène;6;5;1
661;J6;USDH;Pouzauges;56.06666666666667;56;4;(55.0, 60.0];2;2min;vivien HENNETIER;USDH;33.0;25;32;-7;adversaire mène;5;5;0
662;J6;USDH;Pouzauges;56.95;56;57;(55.0, 60.0];2;but;thibaud HUVELIN;Pouzauges;20.0;25;33;-8;adversaire mène;5;6;-1
663;J6;USDH;Pouzauges;57.8;57;48;(55.0, 60.0];2;but;alexandre COMMEYRAS;USDH;99.0;26;33;-7;adversaire mène;5;6;-1
664;J6;USDH;Pouzauges;58.166666666666664;58;10;(55.0, 60.0];2;but;davy GELOT;Pouzauges;8.0;26;34;-8;adversaire mène;6;6;0
665;J6;USDH;Pouzauges;58.78333333333333;58;47;(55.0, 60.0];2;but;mathis MONTERREIN;USDH;40.0;27;34;-7;adversaire mène;6;6;0
666;J6;USDH;Pouzauges;59.25;59;15;(55.0, 60.0];2;2min;mathis MONTERREIN;USDH;40.0;27;34;-7;adversaire mène;5;6;-1
667;J6;USDH;Pouzauges;59.6;59;36;(55.0, 60.0];2;but;remi GUILLON;USDH;93.0;28;34;-6;adversaire mène;5;6;-1
668;J6;USDH;Pouzauges;60.0;60;0;(55.0, 60.0];2; ; ; ;;28;34;-6;adversaire mène;5;6;-1
669;J7;Ligné;USDH;0.0;0;0;(-0.001, 5.0];1; ; ; ;;0;0;0;égalité;6;6;0
670;J7;Ligné;USDH;2.55;2;33;(-0.001, 5.0];1;but;kevin MANCEAU;USDH;7.0;1;0;1;USDH mène;6;6;0
671;J7;Ligné;USDH;2.716666666666667;2;43;(-0.001, 5.0];1;tir;valentin MORIN;Ligné;9.0;1;0;1;USDH mène;6;6;0
672;J7;Ligné;USDH;3.2;3;12;(-0.001, 5.0];1;tir;simon PELISSON;USDH;27.0;1;0;1;USDH mène;6;6;0
673;J7;Ligné;USDH;3.45;3;27;(-0.001, 5.0];1;tir;valentin MORIN;Ligné;9.0;1;0;1;USDH mène;6;6;0
674;J7;Ligné;USDH;3.533333333333333;3;32;(-0.001, 5.0];1;tir;kevin MANCEAU;USDH;7.0;1;0;1;USDH mène;6;6;0
675;J7;Ligné;USDH;3.966666666666667;3;58;(-0.001, 5.0];1;but;mathis DUPAS;Ligné;10.0;1;1;0;égalité;6;6;0
676;J7;Ligné;USDH;4.416666666666667;4;25;(-0.001, 5.0];1;tir;alexandre COMMEYRAS;USDH;99.0;1;1;0;égalité;6;6;0
677;J7;Ligné;USDH;5.1;5;6;(5.0, 10.0];1;but;alexandre COMMEYRAS;USDH;99.0;2;1;1;USDH mène;6;6;0
678;J7;Ligné;USDH;5.266666666666667;5;16;(5.0, 10.0];1;but;theo BENNASAR;Ligné;13.0;2;2;0;égalité;6;6;0
679;J7;Ligné;USDH;5.933333333333334;5;56;(5.0, 10.0];1;2min;valentin MORIN;Ligné;9.0;2;2;0;égalité;6;5;1
680;J7;Ligné;USDH;6.65;6;39;(5.0, 10.0];1;tir;paul PIERRE;Ligné;7.0;2;2;0;égalité;6;5;1
681;J7;Ligné;USDH;6.966666666666667;6;58;(5.0, 10.0];1;tir;sebastien MADEC;USDH;13.0;2;2;0;égalité;6;5;1
682;J7;Ligné;USDH;7.616666666666667;7;37;(5.0, 10.0];1;but;stephen OGERON;Ligné;8.0;2;3;-1;adversaire mène;6;5;1
683;J7;Ligné;USDH;7.9;7;54;(5.0, 10.0];1;tir;vivien HENNETIER;USDH;33.0;2;3;-1;adversaire mène;6;5;1
684;J7;Ligné;USDH;8.5;8;30;(5.0, 10.0];1;but;theo BENNASAR;Ligné;13.0;2;4;-2;adversaire mène;6;6;0
685;J7;Ligné;USDH;9.033333333333333;9;2;(5.0, 10.0];1;avertissement;mathis DUPAS;Ligné;10.0;2;4;-2;adversaire mène;6;6;0
686;J7;Ligné;USDH;9.4;9;24;(5.0, 10.0];1;but;stephen OGERON;Ligné;8.0;2;5;-3;adversaire mène;6;6;0
687;J7;Ligné;USDH;9.566666666666666;9;34;(5.0, 10.0];1;temps mort d'équipe recevant; ;Ligné;;2;5;-3;adversaire mène;6;6;0
688;J7;Ligné;USDH;9.966666666666667;9;58;(5.0, 10.0];1;but;alexandre COMMEYRAS;USDH;99.0;3;5;-2;adversaire mène;6;6;0
689;J7;Ligné;USDH;10.7;10;42;(10.0, 15.0];1;tir;kevin MANCEAU;USDH;7.0;3;5;-2;adversaire mène;6;6;0
690;J7;Ligné;USDH;10.85;10;51;(10.0, 15.0];1;tir;theo BENNASAR;Ligné;13.0;3;5;-2;adversaire mène;6;6;0
691;J7;Ligné;USDH;11.016666666666667;11;1;(10.0, 15.0];1;tir;adrien CATHELINE;USDH;10.0;3;5;-2;adversaire mène;6;6;0
692;J7;Ligné;USDH;12.166666666666666;12;10;(10.0, 15.0];1;avertissement;adrien CATHELINE;USDH;10.0;3;5;-2;adversaire mène;6;6;0
693;J7;Ligné;USDH;12.283333333333333;12;17;(10.0, 15.0];1;tir;stephen OGERON;Ligné;8.0;3;5;-2;adversaire mène;6;6;0
694;J7;Ligné;USDH;12.683333333333334;12;41;(10.0, 15.0];1;tir;sebastien MADEC;USDH;13.0;3;5;-2;adversaire mène;6;6;0
695;J7;Ligné;USDH;12.866666666666667;12;52;(10.0, 15.0];1;tir;valentin MORIN;Ligné;9.0;3;5;-2;adversaire mène;6;6;0
696;J7;Ligné;USDH;12.933333333333334;12;56;(10.0, 15.0];1;tir;sebastien MADEC;USDH;13.0;3;5;-2;adversaire mène;6;6;0
697;J7;Ligné;USDH;13.483333333333333;13;29;(10.0, 15.0];1;but;mathis DUPAS;Ligné;10.0;3;6;-3;adversaire mène;6;6;0
698;J7;Ligné;USDH;13.983333333333333;13;59;(10.0, 15.0];1;tir;alexandre COMMEYRAS;USDH;99.0;3;6;-3;adversaire mène;6;6;0
699;J7;Ligné;USDH;14.45;14;27;(10.0, 15.0];1;avertissement;theo BENNASAR;Ligné;13.0;3;6;-3;adversaire mène;6;6;0
700;J7;Ligné;USDH;14.566666666666666;14;34;(10.0, 15.0];1;tir;vivien HENNETIER;USDH;33.0;3;6;-3;adversaire mène;6;6;0
701;J7;Ligné;USDH;14.766666666666667;14;46;(10.0, 15.0];1;but;vivien HENNETIER;USDH;33.0;4;6;-2;adversaire mène;6;6;0
702;J7;Ligné;USDH;15.416666666666666;15;25;(15.0, 20.0];1;tir;theo BENNASAR;Ligné;13.0;4;6;-2;adversaire mène;6;6;0
703;J7;Ligné;USDH;15.566666666666666;15;34;(15.0, 20.0];1;tir;simon PELISSON;USDH;27.0;4;6;-2;adversaire mène;6;6;0
704;J7;Ligné;USDH;16.066666666666666;16;4;(15.0, 20.0];1;tir;sebastien MADEC;USDH;13.0;4;6;-2;adversaire mène;6;6;0
705;J7;Ligné;USDH;16.633333333333333;16;38;(15.0, 20.0];1;tir;valentin MORIN;Ligné;9.0;4;6;-2;adversaire mène;6;6;0
706;J7;Ligné;USDH;17.416666666666668;17;25;(15.0, 20.0];1;tir;brice HANEN;USDH;9.0;4;6;-2;adversaire mène;6;6;0
707;J7;Ligné;USDH;17.616666666666667;17;37;(15.0, 20.0];1;but;kevin MANCEAU;USDH;7.0;5;6;-1;adversaire mène;6;6;0
708;J7;Ligné;USDH;17.666666666666668;17;40;(15.0, 20.0];1;tir;amaury LEMOINE;USDH;21.0;5;6;-1;adversaire mène;6;6;0
709;J7;Ligné;USDH;18.216666666666665;18;13;(15.0, 20.0];1;tir;stephen OGERON;Ligné;8.0;5;6;-1;adversaire mène;6;6;0
710;J7;Ligné;USDH;18.366666666666667;18;22;(15.0, 20.0];1;but;kevin MANCEAU;USDH;7.0;6;6;0;égalité;6;6;0
711;J7;Ligné;USDH;18.75;18;45;(15.0, 20.0];1;tir;valentin MORIN;Ligné;9.0;6;6;0;égalité;6;6;0
712;J7;Ligné;USDH;19.25;19;15;(15.0, 20.0];1;tir;mattis BONDU;Ligné;6.0;6;6;0;égalité;6;6;0
713;J7;Ligné;USDH;19.433333333333334;19;26;(15.0, 20.0];1;tir;theo BENNASAR;Ligné;13.0;6;6;0;égalité;6;6;0
714;J7;Ligné;USDH;19.683333333333334;19;41;(15.0, 20.0];1;tir;simon PELISSON;USDH;27.0;6;6;0;égalité;6;6;0
715;J7;Ligné;USDH;20.116666666666667;20;7;(20.0, 25.0];1;tir;valentin MORIN;Ligné;9.0;6;6;0;égalité;6;6;0
716;J7;Ligné;USDH;20.733333333333334;20;44;(20.0, 25.0];1;tir;alexandre COMMEYRAS;USDH;99.0;6;6;0;égalité;6;6;0
717;J7;Ligné;USDH;21.083333333333332;21;5;(20.0, 25.0];1;temps mort d'équipe recevant; ;Ligné;;6;6;0;égalité;6;6;0
718;J7;Ligné;USDH;22.183333333333334;22;11;(20.0, 25.0];1;but;mathis DUPAS;Ligné;10.0;6;7;-1;adversaire mène;6;6;0
719;J7;Ligné;USDH;23.6;23;36;(20.0, 25.0];1;tir;valentin MORIN;Ligné;9.0;6;7;-1;adversaire mène;6;6;0
720;J7;Ligné;USDH;23.7;23;42;(20.0, 25.0];1;tir;theo BENNASAR;Ligné;13.0;6;7;-1;adversaire mène;6;6;0
721;J7;Ligné;USDH;24.4;24;24;(20.0, 25.0];1;tir;alexandre COMMEYRAS;USDH;99.0;6;7;-1;adversaire mène;6;6;0
722;J7;Ligné;USDH;24.666666666666668;24;40;(20.0, 25.0];1;but 7m;vivien HENNETIER;USDH;33.0;7;7;0;égalité;6;6;0
723;J7;Ligné;USDH;25.266666666666666;25;16;(25.0, 30.0];1;tir;mathis DUPAS;Ligné;10.0;7;7;0;égalité;6;6;0
724;J7;Ligné;USDH;25.366666666666667;25;22;(25.0, 30.0];1;tir;alexandre COMMEYRAS;USDH;99.0;7;7;0;égalité;6;6;0
725;J7;Ligné;USDH;25.45;25;27;(25.0, 30.0];1;tir;kevin MANCEAU;USDH;7.0;7;7;0;égalité;6;6;0
726;J7;Ligné;USDH;25.6;25;36;(25.0, 30.0];1;but;stephen OGERON;Ligné;8.0;7;8;-1;adversaire mène;6;6;0
727;J7;Ligné;USDH;26.15;26;9;(25.0, 30.0];1;tir;alexandre COMMEYRAS;USDH;99.0;7;8;-1;adversaire mène;6;6;0
728;J7;Ligné;USDH;26.366666666666667;26;22;(25.0, 30.0];1;tir;stephen OGERON;Ligné;8.0;7;8;-1;adversaire mène;6;6;0
729;J7;Ligné;USDH;27.2;27;12;(25.0, 30.0];1;tir;alexandre COMMEYRAS;USDH;99.0;7;8;-1;adversaire mène;6;6;0
730;J7;Ligné;USDH;28.683333333333334;28;41;(25.0, 30.0];1;but;paul PIERRE;Ligné;7.0;7;9;-2;adversaire mène;6;6;0
731;J7;Ligné;USDH;28.816666666666666;28;49;(25.0, 30.0];1;tir;alexandre COMMEYRAS;USDH;99.0;7;9;-2;adversaire mène;6;6;0
732;J7;Ligné;USDH;29.2;29;12;(25.0, 30.0];1;tir;sebastien MADEC;USDH;13.0;7;9;-2;adversaire mène;6;6;0
733;J7;Ligné;USDH;29.683333333333334;29;41;(25.0, 30.0];1;but;stephen OGERON;Ligné;8.0;7;10;-3;adversaire mène;6;6;0
734;J7;Ligné;USDH;30.683333333333334;30;41;(30.0, 35.0];2;but;mathis DUPAS;Ligné;10.0;7;11;-4;adversaire mène;6;6;0
735;J7;Ligné;USDH;30.8;30;48;(30.0, 35.0];2;avertissement;brice HANEN;USDH;9.0;7;11;-4;adversaire mène;6;6;0
736;J7;Ligné;USDH;31.65;31;39;(30.0, 35.0];2;tir;mattis BONDU;Ligné;6.0;7;11;-4;adversaire mène;6;6;0
737;J7;Ligné;USDH;32.28333333333333;32;17;(30.0, 35.0];2;but;stephen OGERON;Ligné;8.0;7;12;-5;adversaire mène;6;6;0
738;J7;Ligné;USDH;32.7;32;42;(30.0, 35.0];2;but;kevin MANCEAU;USDH;7.0;8;12;-4;adversaire mène;6;6;0
739;J7;Ligné;USDH;33.266666666666666;33;16;(30.0, 35.0];2;but;brice HANEN;USDH;9.0;9;12;-3;adversaire mène;6;6;0
740;J7;Ligné;USDH;33.43333333333333;33;26;(30.0, 35.0];2;2min;paul PIERRE;Ligné;7.0;9;12;-3;adversaire mène;6;5;1
741;J7;Ligné;USDH;34.06666666666667;34;4;(30.0, 35.0];2;but;brice HANEN;USDH;9.0;10;12;-2;adversaire mène;6;5;1
742;J7;Ligné;USDH;34.9;34;54;(30.0, 35.0];2;tir;alexandre COMMEYRAS;USDH;99.0;10;12;-2;adversaire mène;6;5;1
743;J7;Ligné;USDH;34.983333333333334;34;59;(30.0, 35.0];2;tir;adrien CATHELINE;USDH;10.0;10;12;-2;adversaire mène;6;5;1
744;J7;Ligné;USDH;35.06666666666667;35;4;(35.0, 40.0];2;but;valentin MORIN;Ligné;9.0;10;13;-3;adversaire mène;6;5;1
745;J7;Ligné;USDH;35.516666666666666;35;31;(35.0, 40.0];2;tir;amaury LEMOINE;USDH;21.0;10;13;-3;adversaire mène;6;6;0
746;J7;Ligné;USDH;35.983333333333334;35;59;(35.0, 40.0];2;but;mathis DUPAS;Ligné;10.0;10;14;-4;adversaire mène;6;6;0
747;J7;Ligné;USDH;36.083333333333336;36;5;(35.0, 40.0];2;but;alexandre COMMEYRAS;USDH;99.0;11;14;-3;adversaire mène;6;6;0
748;J7;Ligné;USDH;36.71666666666667;36;43;(35.0, 40.0];2;tir;mattis BONDU;Ligné;6.0;11;14;-3;adversaire mène;6;6;0
749;J7;Ligné;USDH;37.7;37;42;(35.0, 40.0];2;but;stephen OGERON;Ligné;8.0;11;15;-4;adversaire mène;6;6;0
750;J7;Ligné;USDH;38.166666666666664;38;10;(35.0, 40.0];2;but;amaury LEMOINE;USDH;21.0;12;15;-3;adversaire mène;6;6;0
751;J7;Ligné;USDH;38.56666666666667;38;34;(35.0, 40.0];2;tir;mattis BONDU;Ligné;6.0;12;15;-3;adversaire mène;6;6;0
752;J7;Ligné;USDH;39.55;39;33;(35.0, 40.0];2;but;mathis DUPAS;Ligné;10.0;12;16;-4;adversaire mène;6;6;0
753;J7;Ligné;USDH;40.766666666666666;40;46;(40.0, 45.0];2;but;stephen OGERON;Ligné;8.0;12;17;-5;adversaire mène;6;6;0
754;J7;Ligné;USDH;41.25;41;15;(40.0, 45.0];2;but;adrien CATHELINE;USDH;10.0;13;17;-4;adversaire mène;6;6;0
755;J7;Ligné;USDH;41.833333333333336;41;50;(40.0, 45.0];2;but;paul RUIZGARCIA;Ligné;2.0;13;18;-5;adversaire mène;6;6;0
756;J7;Ligné;USDH;42.166666666666664;42;10;(40.0, 45.0];2;but;alexandre COMMEYRAS;USDH;99.0;14;18;-4;adversaire mène;6;6;0
757;J7;Ligné;USDH;42.43333333333333;42;26;(40.0, 45.0];2;tir;paul RUIZGARCIA;Ligné;2.0;14;18;-4;adversaire mène;6;6;0
758;J7;Ligné;USDH;42.85;42;51;(40.0, 45.0];2;tir;simon PELISSON;USDH;27.0;14;18;-4;adversaire mène;6;6;0
759;J7;Ligné;USDH;43.46666666666667;43;28;(40.0, 45.0];2;but;mathis DUPAS;Ligné;10.0;14;19;-5;adversaire mène;6;6;0
760;J7;Ligné;USDH;44.0;44;0;(40.0, 45.0];2;but;stephen OGERON;Ligné;8.0;14;20;-6;adversaire mène;6;6;0
761;J7;Ligné;USDH;45.46666666666667;45;28;(45.0, 50.0];2;but;amaury LEMOINE;USDH;21.0;15;20;-5;adversaire mène;6;6;0
762;J7;Ligné;USDH;46.03333333333333;46;2;(45.0, 50.0];2;tir;theo BENNASAR;Ligné;13.0;15;20;-5;adversaire mène;6;6;0
763;J7;Ligné;USDH;46.13333333333333;46;8;(45.0, 50.0];2;tir;adrien CATHELINE;USDH;10.0;15;20;-5;adversaire mène;6;6;0
764;J7;Ligné;USDH;46.45;46;27;(45.0, 50.0];2;temps mort d'équipe visiteur; ;USDH;;15;20;-5;adversaire mène;6;6;0
765;J7;Ligné;USDH;47.63333333333333;47;38;(45.0, 50.0];2;tir;alexandre COMMEYRAS;USDH;99.0;15;20;-5;adversaire mène;6;6;0
766;J7;Ligné;USDH;48.666666666666664;48;40;(45.0, 50.0];2;tir;adrien CATHELINE;USDH;10.0;15;20;-5;adversaire mène;6;6;0
767;J7;Ligné;USDH;49.016666666666666;49;1;(45.0, 50.0];2;tir;sebastien MADEC;USDH;13.0;15;20;-5;adversaire mène;6;6;0
768;J7;Ligné;USDH;49.4;49;24;(45.0, 50.0];2;tir;alexandre COMMEYRAS;USDH;99.0;15;20;-5;adversaire mène;6;6;0
769;J7;Ligné;USDH;50.36666666666667;50;22;(50.0, 55.0];2;tir;amaury LEMOINE;USDH;21.0;15;20;-5;adversaire mène;6;6;0
770;J7;Ligné;USDH;51.6;51;36;(50.0, 55.0];2;tir;mattis BONDU;Ligné;6.0;15;20;-5;adversaire mène;6;6;0
771;J7;Ligné;USDH;51.63333333333333;51;38;(50.0, 55.0];2;but;nathan DANTO;Ligné;5.0;15;21;-6;adversaire mène;6;6;0
772;J7;Ligné;USDH;51.916666666666664;51;55;(50.0, 55.0];2;tir;sebastien MADEC;USDH;13.0;15;21;-6;adversaire mène;6;6;0
773;J7;Ligné;USDH;52.15;52;9;(50.0, 55.0];2;but;amaury LEMOINE;USDH;21.0;16;21;-5;adversaire mène;6;6;0
774;J7;Ligné;USDH;53.1;53;6;(50.0, 55.0];2;tir;paul RUIZGARCIA;Ligné;2.0;16;21;-5;adversaire mène;6;6;0
775;J7;Ligné;USDH;53.266666666666666;53;16;(50.0, 55.0];2;temps mort d'équipe visiteur; ;USDH;;16;21;-5;adversaire mène;6;6;0
776;J7;Ligné;USDH;53.61666666666667;53;37;(50.0, 55.0];2;but;vivien HENNETIER;USDH;33.0;17;21;-4;adversaire mène;6;6;0
777;J7;Ligné;USDH;54.11666666666667;54;7;(50.0, 55.0];2;but;theo BENNASAR;Ligné;13.0;17;22;-5;adversaire mène;6;6;0
778;J7;Ligné;USDH;54.36666666666667;54;22;(50.0, 55.0];2;tir;mathis DUPAS;Ligné;10.0;17;22;-5;adversaire mène;6;6;0
779;J7;Ligné;USDH;54.75;54;45;(50.0, 55.0];2;but;kevin MANCEAU;USDH;7.0;18;22;-4;adversaire mène;6;6;0
780;J7;Ligné;USDH;55.3;55;18;(55.0, 60.0];2;temps mort d'équipe recevant; ;Ligné;;18;22;-4;adversaire mène;6;6;0
781;J7;Ligné;USDH;55.666666666666664;55;40;(55.0, 60.0];2;but;mathis DUPAS;Ligné;10.0;18;23;-5;adversaire mène;6;6;0
782;J7;Ligné;USDH;56.0;56;0;(55.0, 60.0];2;tir;simon PELISSON;USDH;27.0;18;23;-5;adversaire mène;6;6;0
783;J7;Ligné;USDH;56.083333333333336;56;5;(55.0, 60.0];2;but;alexandre COMMEYRAS;USDH;99.0;19;23;-4;adversaire mène;6;6;0
784;J7;Ligné;USDH;57.03333333333333;57;2;(55.0, 60.0];2;but;mattis BONDU;Ligné;6.0;19;24;-5;adversaire mène;6;6;0
785;J7;Ligné;USDH;57.61666666666667;57;37;(55.0, 60.0];2;but;mattis BONDU;Ligné;6.0;19;25;-6;adversaire mène;6;6;0
786;J7;Ligné;USDH;57.95;57;57;(55.0, 60.0];2;but;stephen OGERON;Ligné;8.0;19;26;-7;adversaire mène;6;6;0
787;J7;Ligné;USDH;58.53333333333333;58;32;(55.0, 60.0];2;but;simon PELISSON;USDH;27.0;20;26;-6;adversaire mène;6;6;0
788;J7;Ligné;USDH;58.96666666666667;58;58;(55.0, 60.0];2;but;theo BENNASAR;Ligné;13.0;20;27;-7;adversaire mène;6;6;0
789;J7;Ligné;USDH;59.333333333333336;59;20;(55.0, 60.0];2;tir;simon PELISSON;USDH;27.0;20;27;-7;adversaire mène;6;6;0
790;J7;Ligné;USDH;59.68333333333333;59;41;(55.0, 60.0];2;tir;alexandre COMMEYRAS;USDH;99.0;20;27;-7;adversaire mène;6;6;0
791;J7;Ligné;USDH;59.78333333333333;59;47;(55.0, 60.0];2;but;stephen OGERON;Ligné;8.0;20;28;-8;adversaire mène;6;6;0
792;J7;Ligné;USDH;60.0;60;0;(55.0, 60.0];2; ; ; ;;20;28;-8;adversaire mène;6;6;0
